quotation_id,quotation_date,print_category,quantity,standard_size,width,height,paper_type,gsm,colour_mode,sides,page_count,finishing_type,urgency,delivery_requirement,printing_cost,finishing_cost,delivery_cost,total_price,location,data_source,access_date,data_type
PUB-0001,,business cards,100,,,,art paper,300.0,,,,matte lamination,,,,,,1500.0,,https://advertisingsrilanka.lk/business-card-printing-sri-lanka,2026-08-20,Publicly available Sri Lankan price
PUB-0002,,business cards,200,,,,art paper,300.0,,,,matte lamination,,,,,,3500.0,,https://advertisingsrilanka.lk/business-card-printing-sri-lanka,2026-08-20,Publicly available Sri Lankan price
PUB-0003,,business cards,500,,,,,,,,,foil finishing,,,,,,15000.0,,https://advertisingsrilanka.lk/business-card-printing-sri-lanka,2026-08-20,Publicly available Sri Lankan price
PUB-0004,,business cards,1,,,,,,,,,,,,,,,12.0,,https://printit.lk/product/business-cards-printing/,2026-08-20,Publicly available Sri Lankan price
PUB-0005,,business cards,1,,,,,,,,,,,,,,,26.5,,https://printit.lk/product/business-cards-printing/,2026-08-20,Publicly available Sri Lankan price
PUB-0006,,flyers,1,A5,,,art paper,120.0,,single-sided,,,,,,,,24.0,,https://printit.lk/product/flyers-and-leaflets-printing/,2026-08-20,Publicly available Sri Lankan price
PUB-0007,,certificates,1,,,,,,,,,,,,,,,100.0,,https://printit.lk/product/certificate-printing/,2026-08-20,Publicly available Sri Lankan price
PUB-0008,,certificates,1,,,,,,,,,,,,,,,80.0,,http://www.eagercreations.lk/products/certificates/,2026-08-20,Publicly available Sri Lankan price
PUB-0009,,certificates,1,,,,,,,,,,,,,,,20.0,,http://www.eagercreations.lk/products/certificates/,2026-08-20,Publicly available Sri Lankan price
PUB-0010,,invitations,1,,,,,,,,,,,,,,,50.0,,https://printit.lk/product/invitation-cards-printing/,2026-08-20,Publicly available Sri Lankan price
PUB-0011,,stickers,500,,,,sticker paper,,,,,none,,,,,,3350.0,,https://mgprinters.lk/product/sticker-printing/,2026-08-20,Publicly available Sri Lankan price
PUB-0012,,stickers,500,,,,sticker paper,,,,,none,,,,,,3900.0,,https://mgprinters.lk/product/sticker-printing/,2026-08-20,Publicly available Sri Lankan price
SYN-0001,,business cards,100,A3,,,bristol board,80.0,black and white,single-sided,,matte lamination,rush (same/next day),self-collection,1324.05,300.0,0.0,2192.47,Kalutara,Synthetic rule-based generation (see pricing rules in this notebook),,Synthetic prototype record
SYN-0002,,business cards,750,A3,,,art paper,80.0,black and white,single-sided,,spot UV,rush (same/next day),island-wide courier,6693.75,9000.0,650.0,21836.56,Gampaha,Synthetic rule-based generation (see pricing rules in this notebook),,Synthetic prototype record
SYN-0003,,business cards,200,A3,,,sticker paper,350.0,black and white,double-sided,,creasing,rush (same/next day),delivery,3925.82,400.0,350.0,6189.86,Galle,Synthetic rule-based generation (see pricing rules in this notebook),,Synthetic prototype record
SYN-0004,,business cards,750,A6,,,bristol board,120.0,black and white,single-sided,,embossing,standard,self-collection,9049.95,6000.0,0.0,15049.95,Kandy,Synthetic rule-based generation (see pricing rules in this notebook),,Synthetic prototype record
SYN-0005,,business cards,500,A6,,,sticker paper,120.0,black and white,double-sided,,creasing,rush (same/next day),self-collection,7425.6,1000.0,0.0,11374.56,Kandy,Synthetic rule-based generation (see pricing rules in this notebook),,Synthetic prototype record
SYN-0006,,business cards,2000,A4,,,sticker paper,120.0,black and white,double-sided,,gloss lamination,standard,island-wide courier,26208.0,6000.0,650.0,32858.0,Kaduwela,Synthetic rule-based generation (see pricing rules in this notebook),,Synthetic prototype record
SYN-0007,,business cards,100,A4,,,art paper,100.0,full colour,double-sided,,creasing,rush (same/next day),delivery,2374.56,200.0,350.0,3825.66,Jaffna,Synthetic rule-based generation (see pricing rules in this notebook),,Synthetic prototype record
SYN-0008,,business cards,500,A4,,,bristol board,100.0,black and white,single-sided,,perforation,rush (same/next day),self-collection,5917.27,1000.0,0.0,9338.32,Kurunegala,Synthetic rule-based generation (see pricing rules in this notebook),,Synthetic prototype record
SYN-0009,,business cards,750,A5,,,sticker paper,120.0,full colour,single-sided,,none,standard,self-collection,9945.0,0.0,0.0,9945.0,Matara,Synthetic rule-based generation (see pricing rules in this notebook),,Synthetic prototype record
SYN-0010,,business cards,300,A6,,,bond paper,80.0,black and white,double-sided,,creasing,urgent (1-2 days),island-wide courier,4173.12,600.0,650.0,6377.74,Galle,Synthetic rule-based generation (see pricing rules in this notebook),,Synthetic prototype record
SYN-0011,,business cards,300,A4,,,bond paper,100.0,full colour,double-sided,,binding,urgent (1-2 days),self-collection,6080.83,4500.0,0.0,12697.0,Gampaha,Synthetic rule-based generation (see pricing rules in this notebook),,Synthetic prototype record
SYN-0012,,business cards,1000,A3,,,art paper,80.0,black and white,single-sided,,matte lamination,rush (same/next day),delivery,7875.0,3000.0,350.0,15031.25,Matara,Synthetic rule-based generation (see pricing rules in this notebook),,Synthetic prototype record
SYN-0013,,business cards,750,A5,,,ivory board,300.0,black and white,double-sided,,gloss lamination,rush (same/next day),island-wide courier,16332.75,2250.0,650.0,25736.71,Jaffna,Synthetic rule-based generation (see pricing rules in this notebook),,Synthetic prototype record
SYN-0014,,business cards,100,A5,,,ivory board,120.0,full colour,single-sided,,none,rush (same/next day),island-wide courier,1891.5,0.0,650.0,3203.53,Gampaha,Synthetic rule-based generation (see pricing rules in this notebook),,Synthetic prototype record
SYN-0015,,business cards,150,A3,,,art paper,300.0,black and white,double-sided,,matte lamination,urgent (1-2 days),self-collection,2982.17,450.0,0.0,4118.6,Kalutara,Synthetic rule-based generation (see pricing rules in this notebook),,Synthetic prototype record
SYN-0016,,business cards,500,A4,,,art paper,250.0,full colour,single-sided,,foil finishing,standard,self-collection,7458.75,5000.0,0.0,12458.75,Kalutara,Synthetic rule-based generation (see pricing rules in this notebook),,Synthetic prototype record
SYN-0017,,business cards,100,A4,,,ivory board,80.0,black and white,single-sided,,matte lamination,rush (same/next day),delivery,1273.12,300.0,350.0,2473.72,Kaduwela,Synthetic rule-based generation (see pricing rules in this notebook),,Synthetic prototype record
SYN-0018,,business cards,2000,A5,,,ivory board,300.0,black and white,single-sided,,foil finishing,urgent (1-2 days),island-wide courier,24018.75,20000.0,650.0,53472.5,Kurunegala,Synthetic rule-based generation (see pricing rules in this notebook),,Synthetic prototype record
SYN-0019,,business cards,2000,A4,,,art paper,250.0,black and white,single-sided,,gloss lamination,urgent (1-2 days),self-collection,18427.5,6000.0,0.0,29313.0,Kalutara,Synthetic rule-based generation (see pricing rules in this notebook),,Synthetic prototype record
SYN-0020,,business cards,200,A3,,,art paper,80.0,black and white,single-sided,,gloss lamination,standard,delivery,1932.0,600.0,350.0,2882.0,Gampaha,Synthetic rule-based generation (see pricing rules in this notebook),,Synthetic prototype record
SYN-0021,,visiting cards,200,A6,,,ivory board,120.0,black and white,single-sided,,creasing,standard,delivery,2511.6,400.0,350.0,3261.6,Negombo,Synthetic rule-based generation (see pricing rules in this notebook),,Synthetic prototype record
SYN-0022,,visiting cards,100,A3,,,ivory board,80.0,full colour,double-sided,,binding,urgent (1-2 days),island-wide courier,2910.0,1500.0,650.0,5942.0,Kandy,Synthetic rule-based generation (see pricing rules in this notebook),,Synthetic prototype record
SYN-0023,,visiting cards,50,A6,,,bristol board,250.0,black and white,single-sided,,spot UV,standard,island-wide courier,798.52,600.0,650.0,2048.52,Galle,Synthetic rule-based generation (see pricing rules in this notebook),,Synthetic prototype record
SYN-0024,,visiting cards,750,A3,,,bristol board,100.0,black and white,double-sided,,gloss lamination,urgent (1-2 days),island-wide courier,14201.46,2250.0,650.0,20391.75,Colombo,Synthetic rule-based generation (see pricing rules in this notebook),,Synthetic prototype record
SYN-0025,,visiting cards,2000,A4,,,art paper,80.0,black and white,single-sided,,binding,urgent (1-2 days),delivery,15750.0,30000.0,350.0,55250.0,Matara,Synthetic rule-based generation (see pricing rules in this notebook),,Synthetic prototype record
SYN-0026,,visiting cards,50,A6,,,ivory board,100.0,full colour,single-sided,,foil finishing,urgent (1-2 days),delivery,956.25,500.0,350.0,2097.5,Gampaha,Synthetic rule-based generation (see pricing rules in this notebook),,Synthetic prototype record
SYN-0027,,visiting cards,1000,A3,,,bond paper,100.0,black and white,double-sided,,none,rush (same/next day),island-wide courier,11566.8,0.0,650.0,16265.18,Jaffna,Synthetic rule-based generation (see pricing rules in this notebook),,Synthetic prototype record
SYN-0028,,visiting cards,50,A4,,,sticker paper,80.0,black and white,double-sided,,none,rush (same/next day),self-collection,840.0,0.0,0.0,1134.0,Kandy,Synthetic rule-based generation (see pricing rules in this notebook),,Synthetic prototype record
SYN-0029,,visiting cards,5000,A3,,,bond paper,80.0,black and white,double-sided,,spot UV,rush (same/next day),island-wide courier,56700.0,60000.0,650.0,158195.0,Kalutara,Synthetic rule-based generation (see pricing rules in this notebook),,Synthetic prototype record
SYN-0030,,visiting cards,100,A5,,,sticker paper,250.0,full colour,double-sided,,spot UV,rush (same/next day),island-wide courier,2723.76,1200.0,650.0,5947.08,Negombo,Synthetic rule-based generation (see pricing rules in this notebook),,Synthetic prototype record
SYN-0031,,visiting cards,300,A6,,,bond paper,250.0,full colour,double-sided,,embossing,standard,self-collection,6975.07,2400.0,0.0,9375.07,Kalutara,Synthetic rule-based generation (see pricing rules in this notebook),,Synthetic prototype record
SYN-0032,,visiting cards,5000,A4,,,art paper,80.0,full colour,single-sided,,matte lamination,urgent (1-2 days),self-collection,56250.0,15000.0,0.0,85500.0,Jaffna,Synthetic rule-based generation (see pricing rules in this notebook),,Synthetic prototype record
SYN-0033,,visiting cards,300,A3,,,ivory board,100.0,black and white,double-sided,,perforation,urgent (1-2 days),island-wide courier,5911.92,600.0,650.0,8464.3,Galle,Synthetic rule-based generation (see pricing rules in this notebook),,Synthetic prototype record
SYN-0034,,visiting cards,300,A5,,,art paper,80.0,full colour,single-sided,,foil finishing,rush (same/next day),self-collection,4140.0,3000.0,0.0,9639.0,Negombo,Synthetic rule-based generation (see pricing rules in this notebook),,Synthetic prototype record
SYN-0035,,visiting cards,300,A5,,,ivory board,300.0,black and white,double-sided,,gloss lamination,rush (same/next day),delivery,7071.12,900.0,350.0,11111.01,Colombo,Synthetic rule-based generation (see pricing rules in this notebook),,Synthetic prototype record
SYN-0036,,visiting cards,50,A6,,,bond paper,120.0,black and white,double-sided,,creasing,rush (same/next day),island-wide courier,786.24,100.0,650.0,1846.42,Gampaha,Synthetic rule-based generation (see pricing rules in this notebook),,Synthetic prototype record
SYN-0037,,visiting cards,50,A4,,,art paper,80.0,black and white,single-sided,,embossing,rush (same/next day),island-wide courier,525.0,400.0,650.0,1898.75,Matara,Synthetic rule-based generation (see pricing rules in this notebook),,Synthetic prototype record
SYN-0038,,visiting cards,150,A4,,,bristol board,80.0,black and white,double-sided,,embossing,standard,island-wide courier,3177.72,1200.0,650.0,5027.72,Kandy,Synthetic rule-based generation (see pricing rules in this notebook),,Synthetic prototype record
SYN-0039,,visiting cards,500,A3,,,ivory board,300.0,black and white,single-sided,,matte lamination,standard,delivery,6805.31,1500.0,350.0,8655.31,Galle,Synthetic rule-based generation (see pricing rules in this notebook),,Synthetic prototype record
SYN-0040,,visiting cards,500,A6,,,bond paper,250.0,black and white,double-sided,,gloss lamination,urgent (1-2 days),self-collection,7518.42,1500.0,0.0,10822.1,Negombo,Synthetic rule-based generation (see pricing rules in this notebook),,Synthetic prototype record
SYN-0041,,flyers,200,A4,,,bristol board,250.0,black and white,double-sided,,spot UV,standard,island-wide courier,6268.95,2400.0,650.0,9318.95,Matara,Synthetic rule-based generation (see pricing rules in this notebook),,Synthetic prototype record
SYN-0042,,flyers,500,A5,,,art paper,120.0,full colour,double-sided,,perforation,urgent (1-2 days),island-wide courier,14144.0,1000.0,650.0,18822.8,Colombo,Synthetic rule-based generation (see pricing rules in this notebook),,Synthetic prototype record
SYN-0043,,flyers,100,A5,,,bond paper,120.0,black and white,double-sided,,gloss lamination,rush (same/next day),delivery,2033.74,300.0,350.0,3500.55,Jaffna,Synthetic rule-based generation (see pricing rules in this notebook),,Synthetic prototype record
SYN-0044,,flyers,750,A6,,,sticker paper,300.0,full colour,single-sided,,spot UV,urgent (1-2 days),self-collection,15555.0,9000.0,0.0,29466.0,Colombo,Synthetic rule-based generation (see pricing rules in this notebook),,Synthetic prototype record
SYN-0045,,flyers,2000,A5,,,bond paper,300.0,full colour,double-sided,,gloss lamination,rush (same/next day),delivery,52704.0,6000.0,350.0,79600.4,Kandy,Synthetic rule-based generation (see pricing rules in this notebook),,Synthetic prototype record
SYN-0046,,flyers,300,A4,,,bristol board,300.0,full colour,double-sided,,binding,rush (same/next day),delivery,14007.55,4500.0,350.0,25335.2,Negombo,Synthetic rule-based generation (see pricing rules in this notebook),,Synthetic prototype record
SYN-0047,,flyers,750,A5,,,ivory board,350.0,full colour,single-sided,,binding,rush (same/next day),self-collection,20240.62,11250.0,0.0,42512.34,Kaduwela,Synthetic rule-based generation (see pricing rules in this notebook),,Synthetic prototype record
SYN-0048,,flyers,200,A4,,,sticker paper,250.0,full colour,double-sided,,creasing,urgent (1-2 days),island-wide courier,6888.96,400.0,650.0,9396.75,Gampaha,Synthetic rule-based generation (see pricing rules in this notebook),,Synthetic prototype record
SYN-0049,,flyers,1000,A5,,,bond paper,350.0,full colour,single-sided,,perforation,rush (same/next day),island-wide courier,17145.0,2000.0,650.0,26495.75,Kandy,Synthetic rule-based generation (see pricing rules in this notebook),,Synthetic prototype record
SYN-0050,,flyers,200,A4,,,bristol board,350.0,black and white,single-sided,,matte lamination,standard,self-collection,4252.98,600.0,0.0,4852.98,Kurunegala,Synthetic rule-based generation (see pricing rules in this notebook),,Synthetic prototype record
SYN-0051,,flyers,5000,A4,,,ivory board,80.0,black and white,double-sided,,binding,urgent (1-2 days),delivery,105000.0,75000.0,350.0,216350.0,Galle,Synthetic rule-based generation (see pricing rules in this notebook),,Synthetic prototype record
SYN-0052,,flyers,50,A4,,,ivory board,80.0,black and white,single-sided,,perforation,urgent (1-2 days),self-collection,875.0,100.0,0.0,1170.0,Kandy,Synthetic rule-based generation (see pricing rules in this notebook),,Synthetic prototype record
SYN-0053,,flyers,1000,A6,,,ivory board,100.0,full colour,double-sided,,perforation,urgent (1-2 days),island-wide courier,30600.0,2000.0,650.0,39770.0,Galle,Synthetic rule-based generation (see pricing rules in this notebook),,Synthetic prototype record
SYN-0054,,flyers,1000,A4,,,bristol board,250.0,full colour,single-sided,,perforation,urgent (1-2 days),island-wide courier,22815.0,2000.0,650.0,30428.0,Kaduwela,Synthetic rule-based generation (see pricing rules in this notebook),,Synthetic prototype record
SYN-0055,,flyers,1000,A3,,,bristol board,80.0,full colour,single-sided,,embossing,urgent (1-2 days),island-wide courier,19500.0,8000.0,650.0,33650.0,Galle,Synthetic rule-based generation (see pricing rules in this notebook),,Synthetic prototype record
SYN-0056,,flyers,150,A5,,,ivory board,100.0,black and white,single-sided,,gloss lamination,urgent (1-2 days),delivery,2597.17,450.0,350.0,4006.61,Gampaha,Synthetic rule-based generation (see pricing rules in this notebook),,Synthetic prototype record
SYN-0057,,flyers,1000,A3,,,art paper,250.0,full colour,single-sided,,binding,rush (same/next day),island-wide courier,17550.0,15000.0,650.0,44592.5,Kalutara,Synthetic rule-based generation (see pricing rules in this notebook),,Synthetic prototype record
SYN-0058,,flyers,750,A4,,,art paper,250.0,full colour,double-sided,,binding,urgent (1-2 days),island-wide courier,23868.0,11250.0,650.0,42791.6,Kurunegala,Synthetic rule-based generation (see pricing rules in this notebook),,Synthetic prototype record
SYN-0059,,flyers,200,A6,,,ivory board,120.0,black and white,double-sided,,binding,urgent (1-2 days),island-wide courier,5358.08,3000.0,650.0,10679.7,Galle,Synthetic rule-based generation (see pricing rules in this notebook),,Synthetic prototype record
SYN-0060,,flyers,1000,A6,,,sticker paper,100.0,full colour,single-sided,,none,standard,island-wide courier,15300.0,0.0,650.0,15950.0,Galle,Synthetic rule-based generation (see pricing rules in this notebook),,Synthetic prototype record
SYN-0061,,leaflets,1000,A5,,,art paper,100.0,full colour,double-sided,,embossing,standard,delivery,24480.0,8000.0,350.0,32830.0,Jaffna,Synthetic rule-based generation (see pricing rules in this notebook),,Synthetic prototype record
SYN-0062,,leaflets,750,A3,,,ivory board,120.0,black and white,double-sided,,creasing,standard,island-wide courier,18564.0,1500.0,650.0,20714.0,Jaffna,Synthetic rule-based generation (see pricing rules in this notebook),,Synthetic prototype record
SYN-0063,,leaflets,200,A4,,,art paper,350.0,black and white,single-sided,,spot UV,standard,self-collection,3271.52,2400.0,0.0,5671.52,Negombo,Synthetic rule-based generation (see pricing rules in this notebook),,Synthetic prototype record
SYN-0064,,leaflets,150,A3,,,art paper,250.0,full colour,single-sided,,foil finishing,urgent (1-2 days),self-collection,3404.7,1500.0,0.0,5885.64,Galle,Synthetic rule-based generation (see pricing rules in this notebook),,Synthetic prototype record
SYN-0065,,leaflets,300,A4,,,sticker paper,80.0,full colour,single-sided,,binding,urgent (1-2 days),island-wide courier,5520.0,4500.0,650.0,12674.0,Kandy,Synthetic rule-based generation (see pricing rules in this notebook),,Synthetic prototype record
SYN-0066,,leaflets,5000,A5,,,bond paper,350.0,full colour,single-sided,,gloss lamination,rush (same/next day),self-collection,85725.0,15000.0,0.0,135978.75,Gampaha,Synthetic rule-based generation (see pricing rules in this notebook),,Synthetic prototype record
SYN-0067,,leaflets,750,A3,,,bristol board,350.0,full colour,single-sided,,none,urgent (1-2 days),delivery,21050.25,0.0,350.0,25610.3,Matara,Synthetic rule-based generation (see pricing rules in this notebook),,Synthetic prototype record
SYN-0068,,leaflets,500,A5,,,ivory board,350.0,full colour,single-sided,,matte lamination,rush (same/next day),island-wide courier,13493.75,1500.0,650.0,20891.56,Kalutara,Synthetic rule-based generation (see pricing rules in this notebook),,Synthetic prototype record
SYN-0069,,leaflets,2000,A5,,,ivory board,250.0,full colour,double-sided,,embossing,standard,self-collection,70200.0,16000.0,0.0,86200.0,Kurunegala,Synthetic rule-based generation (see pricing rules in this notebook),,Synthetic prototype record
SYN-0070,,leaflets,200,A4,,,sticker paper,250.0,full colour,double-sided,,none,urgent (1-2 days),delivery,6888.96,0.0,350.0,8616.75,Kurunegala,Synthetic rule-based generation (see pricing rules in this notebook),,Synthetic prototype record
SYN-0071,,leaflets,200,A4,,,bristol board,120.0,full colour,double-sided,,foil finishing,rush (same/next day),self-collection,7960.58,2000.0,0.0,13446.78,Kandy,Synthetic rule-based generation (see pricing rules in this notebook),,Synthetic prototype record
SYN-0072,,leaflets,200,A6,,,ivory board,350.0,black and white,double-sided,,creasing,rush (same/next day),island-wide courier,6543.04,400.0,650.0,10023.1,Kurunegala,Synthetic rule-based generation (see pricing rules in this notebook),,Synthetic prototype record
SYN-0073,,leaflets,50,A5,,,bristol board,80.0,full colour,single-sided,,spot UV,urgent (1-2 days),island-wide courier,1300.0,600.0,650.0,2930.0,Kurunegala,Synthetic rule-based generation (see pricing rules in this notebook),,Synthetic prototype record
SYN-0074,,leaflets,2000,A5,,,bristol board,300.0,full colour,double-sided,,embossing,rush (same/next day),delivery,76128.0,16000.0,350.0,124722.8,Kaduwela,Synthetic rule-based generation (see pricing rules in this notebook),,Synthetic prototype record
SYN-0075,,leaflets,300,A4,,,art paper,100.0,full colour,single-sided,,gloss lamination,rush (same/next day),island-wide courier,5630.4,900.0,650.0,9466.04,Negombo,Synthetic rule-based generation (see pricing rules in this notebook),,Synthetic prototype record
SYN-0076,,leaflets,200,A4,,,ivory board,350.0,full colour,double-sided,,gloss lamination,standard,delivery,9347.2,600.0,350.0,10297.2,Jaffna,Synthetic rule-based generation (see pricing rules in this notebook),,Synthetic prototype record
SYN-0077,,leaflets,150,A5,,,art paper,120.0,full colour,single-sided,,none,standard,island-wide courier,3026.4,0.0,650.0,3676.4,Galle,Synthetic rule-based generation (see pricing rules in this notebook),,Synthetic prototype record
SYN-0078,,leaflets,1000,A4,,,art paper,80.0,full colour,double-sided,,creasing,urgent (1-2 days),delivery,24000.0,2000.0,350.0,31550.0,Colombo,Synthetic rule-based generation (see pricing rules in this notebook),,Synthetic prototype record
SYN-0079,,leaflets,300,A3,,,art paper,250.0,full colour,single-sided,,creasing,standard,island-wide courier,6458.4,600.0,650.0,7708.4,Galle,Synthetic rule-based generation (see pricing rules in this notebook),,Synthetic prototype record
SYN-0080,,leaflets,150,A4,,,bristol board,300.0,black and white,single-sided,,gloss lamination,rush (same/next day),delivery,3230.68,450.0,350.0,5318.92,Gampaha,Synthetic rule-based generation (see pricing rules in this notebook),,Synthetic prototype record
SYN-0081,,brochures,750,A3,,,ivory board,250.0,full colour,double-sided,,foil finishing,rush (same/next day),island-wide courier,52211.25,7500.0,650.0,81260.19,Kalutara,Synthetic rule-based generation (see pricing rules in this notebook),,Synthetic prototype record
SYN-0082,,brochures,100,A3,,,bond paper,100.0,black and white,double-sided,,matte lamination,standard,self-collection,3490.6,300.0,0.0,3790.6,Galle,Synthetic rule-based generation (see pricing rules in this notebook),,Synthetic prototype record
SYN-0083,,brochures,50,A5,,,ivory board,250.0,full colour,double-sided,,none,standard,delivery,4095.0,0.0,350.0,4445.0,Kurunegala,Synthetic rule-based generation (see pricing rules in this notebook),,Synthetic prototype record
SYN-0084,,brochures,100,A4,,,bond paper,350.0,black and white,double-sided,,binding,standard,island-wide courier,4346.14,1500.0,650.0,6496.14,Galle,Synthetic rule-based generation (see pricing rules in this notebook),,Synthetic prototype record
SYN-0085,,brochures,300,A5,,,art paper,100.0,black and white,single-sided,,foil finishing,rush (same/next day),island-wide courier,6897.24,3000.0,650.0,14011.27,Kurunegala,Synthetic rule-based generation (see pricing rules in this notebook),,Synthetic prototype record
SYN-0086,,brochures,100,A6,,,bristol board,250.0,full colour,double-sided,,perforation,rush (same/next day),delivery,8262.07,200.0,350.0,11773.8,Kandy,Synthetic rule-based generation (see pricing rules in this notebook),,Synthetic prototype record
SYN-0087,,brochures,5000,A3,,,ivory board,80.0,full colour,double-sided,,none,standard,self-collection,262500.0,0.0,0.0,262500.0,Kaduwela,Synthetic rule-based generation (see pricing rules in this notebook),,Synthetic prototype record
SYN-0088,,brochures,5000,A6,,,bond paper,80.0,full colour,double-sided,,foil finishing,standard,island-wide courier,189000.0,50000.0,650.0,239650.0,Kurunegala,Synthetic rule-based generation (see pricing rules in this notebook),,Synthetic prototype record
SYN-0089,,brochures,100,A4,,,bristol board,250.0,full colour,double-sided,,embossing,rush (same/next day),self-collection,8262.07,800.0,0.0,12233.8,Jaffna,Synthetic rule-based generation (see pricing rules in this notebook),,Synthetic prototype record
SYN-0090,,brochures,750,A3,,,ivory board,350.0,full colour,double-sided,,perforation,standard,delivery,56673.75,1500.0,350.0,58523.75,Jaffna,Synthetic rule-based generation (see pricing rules in this notebook),,Synthetic prototype record
SYN-0091,,brochures,300,A3,,,art paper,120.0,black and white,double-sided,,perforation,urgent (1-2 days),delivery,11251.97,600.0,350.0,14572.36,Negombo,Synthetic rule-based generation (see pricing rules in this notebook),,Synthetic prototype record
SYN-0092,,brochures,2000,A4,,,sticker paper,120.0,full colour,double-sided,,none,standard,delivery,87360.0,0.0,350.0,87710.0,Kaduwela,Synthetic rule-based generation (see pricing rules in this notebook),,Synthetic prototype record
SYN-0093,,brochures,1000,A5,,,ivory board,350.0,black and white,single-sided,,spot UV,rush (same/next day),self-collection,29170.31,12000.0,0.0,55579.92,Gampaha,Synthetic rule-based generation (see pricing rules in this notebook),,Synthetic prototype record
SYN-0094,,brochures,50,A4,,,ivory board,300.0,black and white,single-sided,,gloss lamination,urgent (1-2 days),self-collection,1868.12,150.0,0.0,2421.75,Kurunegala,Synthetic rule-based generation (see pricing rules in this notebook),,Synthetic prototype record
SYN-0095,,brochures,300,A4,,,bristol board,300.0,full colour,double-sided,,creasing,standard,delivery,24513.22,600.0,350.0,25463.22,Matara,Synthetic rule-based generation (see pricing rules in this notebook),,Synthetic prototype record
SYN-0096,,brochures,200,A5,,,sticker paper,300.0,black and white,single-sided,,foil finishing,urgent (1-2 days),delivery,5499.76,2000.0,350.0,9349.71,Colombo,Synthetic rule-based generation (see pricing rules in this notebook),,Synthetic prototype record
SYN-0097,,brochures,300,A5,,,bristol board,350.0,black and white,double-sided,,creasing,rush (same/next day),delivery,17862.5,600.0,350.0,25274.37,Jaffna,Synthetic rule-based generation (see pricing rules in this notebook),,Synthetic prototype record
SYN-0098,,brochures,2000,A6,,,ivory board,300.0,full colour,double-sided,,spot UV,rush (same/next day),self-collection,128100.0,24000.0,0.0,205335.0,Negombo,Synthetic rule-based generation (see pricing rules in this notebook),,Synthetic prototype record
SYN-0099,,brochures,750,A4,,,bristol board,80.0,full colour,double-sided,,binding,rush (same/next day),island-wide courier,46410.0,11250.0,650.0,78491.0,Kurunegala,Synthetic rule-based generation (see pricing rules in this notebook),,Synthetic prototype record
SYN-0100,,brochures,50,A6,,,sticker paper,100.0,black and white,double-sided,,creasing,standard,island-wide courier,1999.2,100.0,650.0,2749.2,Colombo,Synthetic rule-based generation (see pricing rules in this notebook),,Synthetic prototype record
SYN-0101,,booklets,150,A6,,,bond paper,250.0,full colour,single-sided,12.0,foil finishing,urgent (1-2 days),island-wide courier,20330.29,1500.0,650.0,26846.34,Kandy,Synthetic rule-based generation (see pricing rules in this notebook),,Synthetic prototype record
SYN-0102,,booklets,2000,A5,,,bristol board,250.0,black and white,double-sided,32.0,gloss lamination,standard,island-wide courier,683882.0,6000.0,650.0,690532.0,Negombo,Synthetic rule-based generation (see pricing rules in this notebook),,Synthetic prototype record
SYN-0103,,booklets,100,A3,,,art paper,250.0,full colour,single-sided,12.0,matte lamination,rush (same/next day),delivery,13837.25,300.0,350.0,19435.29,Colombo,Synthetic rule-based generation (see pricing rules in this notebook),,Synthetic prototype record
SYN-0104,,booklets,50,A6,,,bristol board,120.0,full colour,double-sided,32.0,matte lamination,standard,island-wide courier,18204.0,150.0,650.0,19004.0,Kalutara,Synthetic rule-based generation (see pricing rules in this notebook),,Synthetic prototype record
SYN-0105,,booklets,150,A4,,,bond paper,100.0,full colour,single-sided,16.0,spot UV,urgent (1-2 days),island-wide courier,25839.22,1800.0,650.0,33817.07,Negombo,Synthetic rule-based generation (see pricing rules in this notebook),,Synthetic prototype record
SYN-0106,,booklets,300,A4,,,bristol board,250.0,full colour,single-sided,16.0,foil finishing,rush (same/next day),island-wide courier,55494.9,3000.0,650.0,79618.12,Kandy,Synthetic rule-based generation (see pricing rules in this notebook),,Synthetic prototype record
SYN-0107,,booklets,500,A6,,,bristol board,300.0,full colour,double-sided,4.0,creasing,urgent (1-2 days),self-collection,41962.0,1000.0,0.0,51554.4,Kurunegala,Synthetic rule-based generation (see pricing rules in this notebook),,Synthetic prototype record
SYN-0108,,booklets,200,A6,,,sticker paper,250.0,full colour,double-sided,4.0,foil finishing,standard,island-wide courier,14611.2,2000.0,650.0,17261.2,Kaduwela,Synthetic rule-based generation (see pricing rules in this notebook),,Synthetic prototype record
SYN-0109,,booklets,5000,A4,,,art paper,350.0,full colour,double-sided,24.0,spot UV,rush (same/next day),delivery,1340500.0,60000.0,350.0,1891025.0,Negombo,Synthetic rule-based generation (see pricing rules in this notebook),,Synthetic prototype record
SYN-0110,,booklets,300,A5,,,bond paper,350.0,black and white,single-sided,4.0,foil finishing,urgent (1-2 days),self-collection,14520.69,3000.0,0.0,21024.83,Galle,Synthetic rule-based generation (see pricing rules in this notebook),,Synthetic prototype record
SYN-0111,,booklets,300,A5,,,ivory board,120.0,black and white,single-sided,12.0,matte lamination,rush (same/next day),delivery,39279.0,900.0,350.0,54591.65,Galle,Synthetic rule-based generation (see pricing rules in this notebook),,Synthetic prototype record
SYN-0112,,booklets,1000,A6,,,bristol board,120.0,full colour,single-sided,12.0,gloss lamination,standard,self-collection,135350.0,3000.0,0.0,138350.0,Gampaha,Synthetic rule-based generation (see pricing rules in this notebook),,Synthetic prototype record
SYN-0113,,booklets,100,A5,,,art paper,250.0,black and white,double-sided,16.0,creasing,urgent (1-2 days),island-wide courier,18177.72,200.0,650.0,22703.26,Kalutara,Synthetic rule-based generation (see pricing rules in this notebook),,Synthetic prototype record
SYN-0114,,booklets,500,A4,,,bond paper,80.0,black and white,double-sided,32.0,perforation,urgent (1-2 days),island-wide courier,165710.0,1000.0,650.0,200702.0,Kandy,Synthetic rule-based generation (see pricing rules in this notebook),,Synthetic prototype record
SYN-0115,,booklets,1000,A5,,,bristol board,350.0,black and white,double-sided,4.0,matte lamination,standard,self-collection,64671.0,3000.0,0.0,67671.0,Kurunegala,Synthetic rule-based generation (see pricing rules in this notebook),,Synthetic prototype record
SYN-0116,,booklets,100,A6,,,sticker paper,100.0,full colour,single-sided,32.0,creasing,urgent (1-2 days),island-wide courier,33473.5,200.0,650.0,41058.2,Kalutara,Synthetic rule-based generation (see pricing rules in this notebook),,Synthetic prototype record
SYN-0117,,booklets,150,A5,,,art paper,250.0,full colour,double-sided,16.0,foil finishing,standard,island-wide courier,29309.4,1500.0,650.0,31459.4,Negombo,Synthetic rule-based generation (see pricing rules in this notebook),,Synthetic prototype record
SYN-0118,,booklets,1000,A3,,,bristol board,100.0,full colour,single-sided,12.0,perforation,rush (same/next day),delivery,134862.5,2000.0,350.0,185114.38,Matara,Synthetic rule-based generation (see pricing rules in this notebook),,Synthetic prototype record
SYN-0119,,booklets,200,A4,,,ivory board,80.0,black and white,single-sided,24.0,none,standard,delivery,50025.0,0.0,350.0,50375.0,Galle,Synthetic rule-based generation (see pricing rules in this notebook),,Synthetic prototype record
SYN-0120,,booklets,200,A3,,,sticker paper,80.0,black and white,single-sided,8.0,spot UV,urgent (1-2 days),self-collection,17220.0,2400.0,0.0,23544.0,Kaduwela,Synthetic rule-based generation (see pricing rules in this notebook),,Synthetic prototype record
SYN-0121,,invitations,150,A5,,,bristol board,300.0,black and white,single-sided,,none,standard,self-collection,8884.38,0.0,0.0,8884.38,Negombo,Synthetic rule-based generation (see pricing rules in this notebook),,Synthetic prototype record
SYN-0122,,invitations,5000,A6,,,art paper,120.0,full colour,single-sided,,none,standard,island-wide courier,214500.0,0.0,650.0,215150.0,Gampaha,Synthetic rule-based generation (see pricing rules in this notebook),,Synthetic prototype record
SYN-0123,,invitations,100,A3,,,art paper,350.0,full colour,double-sided,,embossing,rush (same/next day),island-wide courier,10840.72,800.0,650.0,16364.97,Kurunegala,Synthetic rule-based generation (see pricing rules in this notebook),,Synthetic prototype record
SYN-0124,,invitations,2000,A3,,,sticker paper,100.0,full colour,single-sided,,creasing,rush (same/next day),self-collection,84150.0,4000.0,0.0,119002.5,Kurunegala,Synthetic rule-based generation (see pricing rules in this notebook),,Synthetic prototype record
SYN-0125,,invitations,750,A4,,,art paper,250.0,full colour,double-sided,,gloss lamination,standard,delivery,65637.0,2250.0,350.0,68237.0,Kandy,Synthetic rule-based generation (see pricing rules in this notebook),,Synthetic prototype record
SYN-0126,,invitations,150,A6,,,sticker paper,120.0,full colour,double-sided,,perforation,urgent (1-2 days),delivery,13316.16,300.0,350.0,16689.39,Kandy,Synthetic rule-based generation (see pricing rules in this notebook),,Synthetic prototype record
SYN-0127,,invitations,100,A5,,,sticker paper,350.0,full colour,single-sided,,creasing,standard,delivery,6775.45,200.0,350.0,7325.45,Kurunegala,Synthetic rule-based generation (see pricing rules in this notebook),,Synthetic prototype record
SYN-0128,,invitations,750,A5,,,art paper,250.0,full colour,double-sided,,embossing,rush (same/next day),delivery,65637.0,6000.0,350.0,97059.95,Galle,Synthetic rule-based generation (see pricing rules in this notebook),,Synthetic prototype record
SYN-0129,,invitations,1000,A5,,,art paper,80.0,black and white,single-sided,,binding,standard,island-wide courier,28875.0,15000.0,650.0,44525.0,Galle,Synthetic rule-based generation (see pricing rules in this notebook),,Synthetic prototype record
SYN-0130,,invitations,2000,A6,,,sticker paper,80.0,black and white,double-sided,,binding,urgent (1-2 days),island-wide courier,92400.0,30000.0,650.0,147530.0,Colombo,Synthetic rule-based generation (see pricing rules in this notebook),,Synthetic prototype record
SYN-0131,,invitations,300,A6,,,bristol board,300.0,black and white,double-sided,,perforation,standard,self-collection,26964.54,600.0,0.0,27564.54,Negombo,Synthetic rule-based generation (see pricing rules in this notebook),,Synthetic prototype record
SYN-0132,,invitations,100,A6,,,sticker paper,120.0,black and white,double-sided,,foil finishing,rush (same/next day),self-collection,6214.21,1000.0,0.0,9739.18,Gampaha,Synthetic rule-based generation (see pricing rules in this notebook),,Synthetic prototype record
SYN-0133,,invitations,5000,A5,,,sticker paper,300.0,full colour,single-sided,,none,standard,delivery,251625.0,0.0,350.0,251975.0,Jaffna,Synthetic rule-based generation (see pricing rules in this notebook),,Synthetic prototype record
SYN-0134,,invitations,500,A3,,,bond paper,80.0,full colour,single-sided,,gloss lamination,standard,island-wide courier,21037.5,1500.0,650.0,23187.5,Kandy,Synthetic rule-based generation (see pricing rules in this notebook),,Synthetic prototype record
SYN-0135,,invitations,2000,A5,,,ivory board,100.0,full colour,double-sided,,embossing,standard,delivery,168300.0,16000.0,350.0,184650.0,Jaffna,Synthetic rule-based generation (see pricing rules in this notebook),,Synthetic prototype record
SYN-0136,,invitations,5000,A3,,,art paper,300.0,black and white,single-sided,,matte lamination,rush (same/next day),self-collection,176137.5,15000.0,0.0,258035.62,Kaduwela,Synthetic rule-based generation (see pricing rules in this notebook),,Synthetic prototype record
SYN-0137,,invitations,1000,A3,,,ivory board,350.0,full colour,double-sided,,binding,urgent (1-2 days),self-collection,104775.0,15000.0,0.0,143730.0,Jaffna,Synthetic rule-based generation (see pricing rules in this notebook),,Synthetic prototype record
SYN-0138,,invitations,750,A3,,,bristol board,80.0,full colour,double-sided,,none,standard,delivery,72930.0,0.0,350.0,73280.0,Colombo,Synthetic rule-based generation (see pricing rules in this notebook),,Synthetic prototype record
SYN-0139,,invitations,200,A3,,,bond paper,120.0,full colour,single-sided,,foil finishing,urgent (1-2 days),self-collection,9472.32,2000.0,0.0,13766.78,Kurunegala,Synthetic rule-based generation (see pricing rules in this notebook),,Synthetic prototype record
SYN-0140,,invitations,750,A5,,,bond paper,100.0,black and white,double-sided,,perforation,rush (same/next day),island-wide courier,36049.86,1500.0,650.0,51342.31,Kandy,Synthetic rule-based generation (see pricing rules in this notebook),,Synthetic prototype record
SYN-0141,,certificates,750,A6,,,art paper,350.0,black and white,double-sided,,creasing,standard,delivery,54406.8,1500.0,350.0,56256.8,Kalutara,Synthetic rule-based generation (see pricing rules in this notebook),,Synthetic prototype record
SYN-0142,,certificates,750,A4,,,ivory board,350.0,black and white,double-sided,,binding,standard,delivery,68008.5,11250.0,350.0,79608.5,Kalutara,Synthetic rule-based generation (see pricing rules in this notebook),,Synthetic prototype record
SYN-0143,,certificates,1000,A6,,,bristol board,350.0,full colour,single-sided,,gloss lamination,standard,delivery,74295.0,3000.0,350.0,77645.0,Gampaha,Synthetic rule-based generation (see pricing rules in this notebook),,Synthetic prototype record
SYN-0144,,certificates,100,A3,,,bristol board,250.0,black and white,double-sided,,embossing,standard,self-collection,9914.49,800.0,0.0,10714.49,Gampaha,Synthetic rule-based generation (see pricing rules in this notebook),,Synthetic prototype record
SYN-0145,,certificates,2000,A5,,,bristol board,100.0,black and white,double-sided,,spot UV,standard,self-collection,133660.8,24000.0,0.0,157660.8,Negombo,Synthetic rule-based generation (see pricing rules in this notebook),,Synthetic prototype record
SYN-0146,,certificates,150,A6,,,bond paper,300.0,black and white,single-sided,,creasing,urgent (1-2 days),island-wide courier,6709.88,300.0,650.0,9061.85,Kalutara,Synthetic rule-based generation (see pricing rules in this notebook),,Synthetic prototype record
SYN-0147,,certificates,5000,A5,,,bristol board,120.0,full colour,single-sided,,gloss lamination,urgent (1-2 days),delivery,304200.0,15000.0,350.0,383390.0,Kaduwela,Synthetic rule-based generation (see pricing rules in this notebook),,Synthetic prototype record
SYN-0148,,certificates,5000,A3,,,bristol board,80.0,full colour,single-sided,,creasing,urgent (1-2 days),self-collection,292500.0,10000.0,0.0,363000.0,Jaffna,Synthetic rule-based generation (see pricing rules in this notebook),,Synthetic prototype record
SYN-0149,,certificates,300,A6,,,art paper,80.0,full colour,double-sided,,perforation,rush (same/next day),self-collection,26496.0,600.0,0.0,36579.6,Kalutara,Synthetic rule-based generation (see pricing rules in this notebook),,Synthetic prototype record
SYN-0150,,certificates,200,A5,,,sticker paper,120.0,black and white,double-sided,,none,urgent (1-2 days),self-collection,12859.39,0.0,0.0,15431.27,Kandy,Synthetic rule-based generation (see pricing rules in this notebook),,Synthetic prototype record
SYN-0151,,certificates,2000,A4,,,bond paper,350.0,black and white,single-sided,,creasing,urgent (1-2 days),island-wide courier,72009.0,4000.0,650.0,91860.8,Jaffna,Synthetic rule-based generation (see pricing rules in this notebook),,Synthetic prototype record
SYN-0152,,certificates,500,A5,,,ivory board,120.0,full colour,double-sided,,none,rush (same/next day),island-wide courier,53040.0,0.0,650.0,72254.0,Kandy,Synthetic rule-based generation (see pricing rules in this notebook),,Synthetic prototype record
SYN-0153,,certificates,500,A4,,,sticker paper,80.0,full colour,double-sided,,foil finishing,rush (same/next day),island-wide courier,40800.0,5000.0,650.0,62480.0,Jaffna,Synthetic rule-based generation (see pricing rules in this notebook),,Synthetic prototype record
SYN-0154,,certificates,100,A3,,,bond paper,300.0,full colour,double-sided,,binding,standard,island-wide courier,10224.58,1500.0,650.0,12374.58,Kaduwela,Synthetic rule-based generation (see pricing rules in this notebook),,Synthetic prototype record
SYN-0155,,certificates,2000,A3,,,bristol board,250.0,black and white,single-sided,,binding,rush (same/next day),delivery,95823.0,30000.0,350.0,170211.05,Jaffna,Synthetic rule-based generation (see pricing rules in this notebook),,Synthetic prototype record
SYN-0156,,certificates,300,A4,,,bond paper,100.0,full colour,double-sided,,spot UV,standard,self-collection,24323.33,3600.0,0.0,27923.33,Kandy,Synthetic rule-based generation (see pricing rules in this notebook),,Synthetic prototype record
SYN-0157,,certificates,300,A4,,,sticker paper,80.0,full colour,single-sided,,matte lamination,rush (same/next day),delivery,16560.0,900.0,350.0,23921.0,Galle,Synthetic rule-based generation (see pricing rules in this notebook),,Synthetic prototype record
SYN-0158,,certificates,150,A4,,,sticker paper,350.0,full colour,single-sided,,none,urgent (1-2 days),delivery,11087.1,0.0,350.0,13654.52,Kurunegala,Synthetic rule-based generation (see pricing rules in this notebook),,Synthetic prototype record
SYN-0159,,certificates,5000,A5,,,ivory board,120.0,black and white,single-sided,,foil finishing,urgent (1-2 days),self-collection,204750.0,50000.0,0.0,305700.0,Kalutara,Synthetic rule-based generation (see pricing rules in this notebook),,Synthetic prototype record
SYN-0160,,certificates,1000,A4,,,bristol board,250.0,full colour,double-sided,,matte lamination,standard,island-wide courier,109512.0,3000.0,650.0,113162.0,Kaduwela,Synthetic rule-based generation (see pricing rules in this notebook),,Synthetic prototype record
SYN-0161,,menus,50,A3,,,ivory board,350.0,black and white,double-sided,12.0,perforation,standard,delivery,8167.0,100.0,350.0,8617.0,Galle,Synthetic rule-based generation (see pricing rules in this notebook),,Synthetic prototype record
SYN-0162,,menus,1000,A3,,,bond paper,300.0,black and white,double-sided,4.0,spot UV,urgent (1-2 days),delivery,57669.6,12000.0,350.0,83953.52,Matara,Synthetic rule-based generation (see pricing rules in this notebook),,Synthetic prototype record
SYN-0163,,menus,750,A3,,,bristol board,300.0,full colour,single-sided,4.0,gloss lamination,urgent (1-2 days),self-collection,52832.25,2250.0,0.0,66098.7,Jaffna,Synthetic rule-based generation (see pricing rules in this notebook),,Synthetic prototype record
SYN-0164,,menus,500,A6,,,bond paper,100.0,full colour,single-sided,24.0,creasing,rush (same/next day),self-collection,126704.5,1000.0,0.0,172401.08,Kurunegala,Synthetic rule-based generation (see pricing rules in this notebook),,Synthetic prototype record
SYN-0165,,menus,50,A6,,,art paper,80.0,black and white,double-sided,12.0,matte lamination,rush (same/next day),island-wide courier,7180.0,150.0,650.0,10545.5,Kandy,Synthetic rule-based generation (see pricing rules in this notebook),,Synthetic prototype record
SYN-0166,,menus,200,A6,,,art paper,120.0,black and white,single-sided,4.0,binding,rush (same/next day),island-wide courier,10018.56,3000.0,650.0,18225.06,Kandy,Synthetic rule-based generation (see pricing rules in this notebook),,Synthetic prototype record
SYN-0167,,menus,1000,A3,,,sticker paper,300.0,black and white,single-sided,12.0,matte lamination,urgent (1-2 days),delivery,129215.0,3000.0,350.0,159008.0,Kalutara,Synthetic rule-based generation (see pricing rules in this notebook),,Synthetic prototype record
SYN-0168,,menus,200,A3,,,ivory board,300.0,black and white,single-sided,16.0,perforation,urgent (1-2 days),self-collection,35892.6,400.0,0.0,43551.12,Matara,Synthetic rule-based generation (see pricing rules in this notebook),,Synthetic prototype record
SYN-0169,,menus,50,A5,,,ivory board,350.0,full colour,double-sided,32.0,none,urgent (1-2 days),self-collection,19310.0,0.0,0.0,23172.0,Negombo,Synthetic rule-based generation (see pricing rules in this notebook),,Synthetic prototype record
SYN-0170,,menus,100,A4,,,bristol board,300.0,black and white,single-sided,32.0,embossing,rush (same/next day),delivery,34230.68,800.0,350.0,47641.42,Kurunegala,Synthetic rule-based generation (see pricing rules in this notebook),,Synthetic prototype record
SYN-0171,,menus,1000,A4,,,bond paper,350.0,black and white,single-sided,8.0,creasing,standard,delivery,88002.25,2000.0,350.0,90352.25,Colombo,Synthetic rule-based generation (see pricing rules in this notebook),,Synthetic prototype record
SYN-0172,,menus,50,A4,,,bristol board,120.0,full colour,double-sided,12.0,foil finishing,standard,island-wide courier,8744.8,500.0,650.0,9894.8,Kaduwela,Synthetic rule-based generation (see pricing rules in this notebook),,Synthetic prototype record
SYN-0173,,menus,50,A6,,,bristol board,350.0,black and white,double-sided,12.0,embossing,urgent (1-2 days),delivery,8273.68,400.0,350.0,10758.42,Matara,Synthetic rule-based generation (see pricing rules in this notebook),,Synthetic prototype record
SYN-0174,,menus,150,A3,,,ivory board,250.0,full colour,double-sided,24.0,gloss lamination,rush (same/next day),delivery,44714.1,450.0,350.0,61321.54,Matara,Synthetic rule-based generation (see pricing rules in this notebook),,Synthetic prototype record
SYN-0175,,menus,150,A5,,,bristol board,300.0,black and white,double-sided,16.0,gloss lamination,urgent (1-2 days),island-wide courier,30253.64,450.0,650.0,37494.36,Kaduwela,Synthetic rule-based generation (see pricing rules in this notebook),,Synthetic prototype record
SYN-0176,,menus,5000,A5,,,ivory board,350.0,full colour,single-sided,16.0,embossing,urgent (1-2 days),self-collection,928593.75,40000.0,0.0,1162312.5,Kalutara,Synthetic rule-based generation (see pricing rules in this notebook),,Synthetic prototype record
SYN-0177,,menus,300,A4,,,art paper,350.0,full colour,single-sided,8.0,embossing,rush (same/next day),island-wide courier,31515.6,2400.0,650.0,46436.06,Colombo,Synthetic rule-based generation (see pricing rules in this notebook),,Synthetic prototype record
SYN-0178,,menus,5000,A5,,,ivory board,350.0,black and white,single-sided,16.0,gloss lamination,standard,island-wide courier,875015.62,15000.0,650.0,890665.62,Jaffna,Synthetic rule-based generation (see pricing rules in this notebook),,Synthetic prototype record
SYN-0179,,menus,5000,A3,,,sticker paper,80.0,full colour,single-sided,8.0,embossing,urgent (1-2 days),delivery,462500.0,40000.0,350.0,603350.0,Kalutara,Synthetic rule-based generation (see pricing rules in this notebook),,Synthetic prototype record
SYN-0180,,menus,2000,A4,,,ivory board,120.0,full colour,double-sided,24.0,spot UV,standard,self-collection,553600.0,24000.0,0.0,577600.0,Kurunegala,Synthetic rule-based generation (see pricing rules in this notebook),,Synthetic prototype record
SYN-0181,,stickers,750,A5,,,art paper,300.0,full colour,double-sided,,creasing,standard,island-wide courier,8710.8,1500.0,650.0,10860.8,Kurunegala,Synthetic rule-based generation (see pricing rules in this notebook),,Synthetic prototype record
SYN-0182,,stickers,200,A3,,,bond paper,80.0,full colour,single-sided,,matte lamination,rush (same/next day),delivery,1159.2,600.0,350.0,2724.92,Jaffna,Synthetic rule-based generation (see pricing rules in this notebook),,Synthetic prototype record
SYN-0183,,stickers,500,A4,,,art paper,350.0,full colour,double-sided,,matte lamination,rush (same/next day),island-wide courier,6045.2,1500.0,650.0,10836.02,Jaffna,Synthetic rule-based generation (see pricing rules in this notebook),,Synthetic prototype record
SYN-0184,,stickers,2000,A5,,,art paper,100.0,black and white,single-sided,,spot UV,urgent (1-2 days),self-collection,7497.0,24000.0,0.0,37796.4,Gampaha,Synthetic rule-based generation (see pricing rules in this notebook),,Synthetic prototype record
SYN-0185,,stickers,5000,A6,,,ivory board,120.0,black and white,single-sided,,gloss lamination,urgent (1-2 days),delivery,23887.5,15000.0,350.0,47015.0,Gampaha,Synthetic rule-based generation (see pricing rules in this notebook),,Synthetic prototype record
SYN-0186,,stickers,750,A6,,,sticker paper,250.0,black and white,single-sided,,embossing,rush (same/next day),self-collection,3654.79,6000.0,0.0,13033.96,Kurunegala,Synthetic rule-based generation (see pricing rules in this notebook),,Synthetic prototype record
SYN-0187,,stickers,2000,A3,,,bond paper,120.0,black and white,single-sided,,binding,rush (same/next day),self-collection,6879.6,30000.0,0.0,49787.46,Gampaha,Synthetic rule-based generation (see pricing rules in this notebook),,Synthetic prototype record
SYN-0188,,stickers,150,A5,,,bond paper,120.0,full colour,single-sided,,spot UV,urgent (1-2 days),island-wide courier,953.32,1800.0,650.0,3953.98,Kandy,Synthetic rule-based generation (see pricing rules in this notebook),,Synthetic prototype record
SYN-0189,,stickers,300,A3,,,sticker paper,100.0,black and white,double-sided,,foil finishing,rush (same/next day),island-wide courier,2207.12,3000.0,650.0,7679.61,Gampaha,Synthetic rule-based generation (see pricing rules in this notebook),,Synthetic prototype record
SYN-0190,,stickers,150,A3,,,sticker paper,300.0,black and white,single-sided,,embossing,rush (same/next day),self-collection,869.8,1200.0,0.0,2794.23,Kandy,Synthetic rule-based generation (see pricing rules in this notebook),,Synthetic prototype record
SYN-0191,,stickers,50,A3,,,sticker paper,350.0,black and white,double-sided,,binding,rush (same/next day),island-wide courier,497.84,750.0,650.0,2334.58,Kurunegala,Synthetic rule-based generation (see pricing rules in this notebook),,Synthetic prototype record
SYN-0192,,stickers,2000,A3,,,bristol board,120.0,black and white,double-sided,,binding,urgent (1-2 days),delivery,15899.52,30000.0,350.0,55429.42,Colombo,Synthetic rule-based generation (see pricing rules in this notebook),,Synthetic prototype record
SYN-0193,,stickers,150,A4,,,ivory board,250.0,full colour,double-sided,,spot UV,urgent (1-2 days),island-wide courier,2383.29,1800.0,650.0,5669.95,Jaffna,Synthetic rule-based generation (see pricing rules in this notebook),,Synthetic prototype record
SYN-0194,,stickers,500,A3,,,bristol board,350.0,black and white,double-sided,,embossing,rush (same/next day),island-wide courier,5501.13,4000.0,650.0,13476.53,Jaffna,Synthetic rule-based generation (see pricing rules in this notebook),,Synthetic prototype record
SYN-0201,,labels,2000,A5,,,sticker paper,250.0,black and white,double-sided,,matte lamination,standard,delivery,13759.2,6000.0,350.0,20109.2,Jaffna,Synthetic rule-based generation (see pricing rules in this notebook),,Synthetic prototype record
SYN-0202,,labels,2000,A3,,,bond paper,120.0,full colour,single-sided,,perforation,standard,self-collection,9828.0,4000.0,0.0,13828.0,Galle,Synthetic rule-based generation (see pricing rules in this notebook),,Synthetic prototype record
SYN-0203,,labels,500,A5,,,sticker paper,250.0,black and white,double-sided,,perforation,standard,delivery,3898.44,1000.0,350.0,5248.44,Galle,Synthetic rule-based generation (see pricing rules in this notebook),,Synthetic prototype record
SYN-0204,,labels,750,A5,,,bristol board,300.0,full colour,double-sided,,foil finishing,urgent (1-2 days),self-collection,11324.04,7500.0,0.0,22588.85,Jaffna,Synthetic rule-based generation (see pricing rules in this notebook),,Synthetic prototype record
SYN-0205,,labels,100,A4,,,sticker paper,250.0,black and white,double-sided,,creasing,urgent (1-2 days),island-wide courier,889.76,200.0,650.0,1957.71,Colombo,Synthetic rule-based generation (see pricing rules in this notebook),,Synthetic prototype record
SYN-0206,,labels,5000,A3,,,bond paper,250.0,black and white,double-sided,,spot UV,standard,island-wide courier,30958.2,60000.0,650.0,91608.2,Negombo,Synthetic rule-based generation (see pricing rules in this notebook),,Synthetic prototype record
SYN-0207,,labels,50,A6,,,bristol board,250.0,black and white,double-sided,,binding,rush (same/next day),self-collection,596.23,750.0,0.0,1817.41,Gampaha,Synthetic rule-based generation (see pricing rules in this notebook),,Synthetic prototype record
SYN-0208,,labels,5000,A6,,,art paper,250.0,black and white,single-sided,,perforation,urgent (1-2 days),island-wide courier,21498.75,10000.0,650.0,38448.5,Gampaha,Synthetic rule-based generation (see pricing rules in this notebook),,Synthetic prototype record
SYN-0209,,labels,750,A5,,,bond paper,120.0,full colour,double-sided,,perforation,urgent (1-2 days),island-wide courier,6683.04,1500.0,650.0,10469.65,Kalutara,Synthetic rule-based generation (see pricing rules in this notebook),,Synthetic prototype record
SYN-0210,,labels,1000,A4,,,bond paper,100.0,full colour,double-sided,,spot UV,urgent (1-2 days),delivery,7711.2,12000.0,350.0,24003.44,Kurunegala,Synthetic rule-based generation (see pricing rules in this notebook),,Synthetic prototype record
SYN-0211,,labels,500,A6,,,bristol board,250.0,full colour,double-sided,,gloss lamination,rush (same/next day),island-wide courier,7239.96,1500.0,650.0,12448.95,Matara,Synthetic rule-based generation (see pricing rules in this notebook),,Synthetic prototype record
SYN-0212,,labels,500,A5,,,bristol board,100.0,full colour,single-sided,,gloss lamination,urgent (1-2 days),delivery,3944.85,1500.0,350.0,6883.82,Kurunegala,Synthetic rule-based generation (see pricing rules in this notebook),,Synthetic prototype record
SYN-0213,,labels,200,A4,,,sticker paper,100.0,full colour,double-sided,,matte lamination,standard,island-wide courier,2102.02,600.0,650.0,3352.02,Negombo,Synthetic rule-based generation (see pricing rules in this notebook),,Synthetic prototype record
SYN-0214,,labels,50,A5,,,sticker paper,350.0,black and white,single-sided,,none,standard,delivery,311.15,0.0,350.0,661.15,Kurunegala,Synthetic rule-based generation (see pricing rules in this notebook),,Synthetic prototype record
SYN-0215,,labels,100,A6,,,bond paper,350.0,black and white,single-sided,,binding,rush (same/next day),delivery,543.27,1500.0,350.0,3108.41,Negombo,Synthetic rule-based generation (see pricing rules in this notebook),,Synthetic prototype record
SYN-0216,,labels,300,A3,,,bristol board,120.0,black and white,single-sided,,spot UV,rush (same/next day),island-wide courier,1828.44,3600.0,650.0,7978.4,Galle,Synthetic rule-based generation (see pricing rules in this notebook),,Synthetic prototype record
SYN-0217,,labels,750,A3,,,art paper,100.0,full colour,double-sided,,matte lamination,rush (same/next day),delivery,7282.8,2250.0,350.0,13219.28,Colombo,Synthetic rule-based generation (see pricing rules in this notebook),,Synthetic prototype record
SYN-0218,,labels,300,A6,,,sticker paper,300.0,full colour,single-sided,,foil finishing,urgent (1-2 days),island-wide courier,2357.04,3000.0,650.0,7078.45,Galle,Synthetic rule-based generation (see pricing rules in this notebook),,Synthetic prototype record
SYN-0219,,labels,2000,A6,,,bristol board,250.0,black and white,single-sided,,embossing,standard,island-wide courier,11179.35,16000.0,650.0,27829.35,Kaduwela,Synthetic rule-based generation (see pricing rules in this notebook),,Synthetic prototype record
SYN-0220,,labels,150,A6,,,bristol board,80.0,black and white,double-sided,,matte lamination,rush (same/next day),island-wide courier,1482.94,450.0,650.0,3259.46,Matara,Synthetic rule-based generation (see pricing rules in this notebook),,Synthetic prototype record
SYN-0221,,packaging boxes,2000,A5,,,art paper,120.0,black and white,double-sided,,matte lamination,standard,delivery,104832.0,6000.0,350.0,111182.0,Negombo,Synthetic rule-based generation (see pricing rules in this notebook),,Synthetic prototype record
SYN-0222,,packaging boxes,50,A3,,,ivory board,120.0,full colour,single-sided,,foil finishing,urgent (1-2 days),delivery,3900.0,500.0,350.0,5630.0,Kaduwela,Synthetic rule-based generation (see pricing rules in this notebook),,Synthetic prototype record
SYN-0223,,packaging boxes,500,A6,,,bond paper,350.0,black and white,single-sided,,creasing,urgent (1-2 days),self-collection,20402.55,1000.0,0.0,25683.06,Gampaha,Synthetic rule-based generation (see pricing rules in this notebook),,Synthetic prototype record
SYN-0224,,packaging boxes,300,A6,,,art paper,350.0,full colour,double-sided,,spot UV,standard,self-collection,33649.92,3600.0,0.0,37249.92,Galle,Synthetic rule-based generation (see pricing rules in this notebook),,Synthetic prototype record
SYN-0225,,packaging boxes,1000,A4,,,sticker paper,350.0,full colour,double-sided,,perforation,urgent (1-2 days),island-wide courier,91440.0,2000.0,650.0,112778.0,Negombo,Synthetic rule-based generation (see pricing rules in this notebook),,Synthetic prototype record
SYN-0226,,packaging boxes,5000,A3,,,sticker paper,80.0,full colour,double-sided,,gloss lamination,rush (same/next day),self-collection,360000.0,15000.0,0.0,506250.0,Gampaha,Synthetic rule-based generation (see pricing rules in this notebook),,Synthetic prototype record
SYN-0227,,packaging boxes,2000,A3,,,sticker paper,100.0,black and white,single-sided,,embossing,rush (same/next day),delivery,64260.0,16000.0,350.0,108701.0,Negombo,Synthetic rule-based generation (see pricing rules in this notebook),,Synthetic prototype record
SYN-0228,,packaging boxes,5000,A6,,,art paper,250.0,black and white,double-sided,,creasing,standard,island-wide courier,294840.0,10000.0,650.0,305490.0,Kurunegala,Synthetic rule-based generation (see pricing rules in this notebook),,Synthetic prototype record
SYN-0229,,packaging boxes,5000,A3,,,sticker paper,80.0,full colour,double-sided,,none,urgent (1-2 days),delivery,360000.0,0.0,350.0,432350.0,Negombo,Synthetic rule-based generation (see pricing rules in this notebook),,Synthetic prototype record
SYN-0230,,packaging boxes,5000,A3,,,art paper,80.0,full colour,double-sided,,gloss lamination,rush (same/next day),self-collection,360000.0,15000.0,0.0,506250.0,Kurunegala,Synthetic rule-based generation (see pricing rules in this notebook),,Synthetic prototype record
SYN-0231,,packaging boxes,50,A6,,,ivory board,120.0,black and white,single-sided,,binding,urgent (1-2 days),delivery,2730.0,750.0,350.0,4526.0,Matara,Synthetic rule-based generation (see pricing rules in this notebook),,Synthetic prototype record
SYN-0232,,packaging boxes,750,A6,,,sticker paper,80.0,full colour,single-sided,,gloss lamination,standard,island-wide courier,38250.0,2250.0,650.0,41150.0,Gampaha,Synthetic rule-based generation (see pricing rules in this notebook),,Synthetic prototype record
SYN-0233,,packaging boxes,150,A6,,,bond paper,350.0,black and white,single-sided,,foil finishing,urgent (1-2 days),island-wide courier,6984.87,1500.0,650.0,10831.85,Gampaha,Synthetic rule-based generation (see pricing rules in this notebook),,Synthetic prototype record
SYN-0234,,packaging boxes,750,A3,,,bond paper,100.0,full colour,double-sided,,matte lamination,urgent (1-2 days),self-collection,56181.6,2250.0,0.0,70117.92,Colombo,Synthetic rule-based generation (see pricing rules in this notebook),,Synthetic prototype record
SYN-0235,,packaging boxes,750,A3,,,art paper,300.0,black and white,single-sided,,gloss lamination,standard,island-wide courier,32665.5,2250.0,650.0,35565.5,Kurunegala,Synthetic rule-based generation (see pricing rules in this notebook),,Synthetic prototype record
SYN-0236,,packaging boxes,5000,A4,,,art paper,350.0,black and white,single-sided,,binding,urgent (1-2 days),self-collection,200025.0,75000.0,0.0,330030.0,Colombo,Synthetic rule-based generation (see pricing rules in this notebook),,Synthetic prototype record
SYN-0237,,packaging boxes,150,A4,,,bristol board,300.0,full colour,single-sided,,embossing,standard,delivery,13845.78,1200.0,350.0,15395.78,Gampaha,Synthetic rule-based generation (see pricing rules in this notebook),,Synthetic prototype record
SYN-0238,,packaging boxes,200,A4,,,bristol board,250.0,black and white,double-sided,,perforation,rush (same/next day),island-wide courier,18806.86,400.0,650.0,26579.26,Matara,Synthetic rule-based generation (see pricing rules in this notebook),,Synthetic prototype record
SYN-0239,,packaging boxes,2000,A6,,,art paper,250.0,full colour,double-sided,,perforation,urgent (1-2 days),island-wide courier,168480.0,4000.0,650.0,207626.0,Matara,Synthetic rule-based generation (see pricing rules in this notebook),,Synthetic prototype record
SYN-0240,,packaging boxes,150,A4,,,ivory board,120.0,full colour,single-sided,,spot UV,standard,delivery,11349.0,1800.0,350.0,13499.0,Kurunegala,Synthetic rule-based generation (see pricing rules in this notebook),,Synthetic prototype record
SYN-0241,,banners,5,,2.0,3.0,,,full colour,single-sided,,gloss lamination,rush (same/next day),island-wide courier,7500.0,15.0,650.0,10795.25,Galle,Synthetic rule-based generation (see pricing rules in this notebook),,Synthetic prototype record
SYN-0242,,banners,2,,6.0,8.0,,,full colour,single-sided,,gloss lamination,standard,delivery,24000.0,6.0,350.0,24356.0,Kandy,Synthetic rule-based generation (see pricing rules in this notebook),,Synthetic prototype record
SYN-0243,,banners,3,,6.0,8.0,,,full colour,single-sided,,none,rush (same/next day),island-wide courier,36000.0,0.0,650.0,49250.0,Negombo,Synthetic rule-based generation (see pricing rules in this notebook),,Synthetic prototype record
SYN-0244,,banners,3,,2.0,3.0,,,full colour,single-sided,,gloss lamination,rush (same/next day),island-wide courier,4500.0,9.0,650.0,6737.15,Kalutara,Synthetic rule-based generation (see pricing rules in this notebook),,Synthetic prototype record
SYN-0245,,banners,1,,2.0,3.0,,,full colour,single-sided,,none,rush (same/next day),island-wide courier,1500.0,0.0,650.0,2675.0,Gampaha,Synthetic rule-based generation (see pricing rules in this notebook),,Synthetic prototype record
SYN-0246,,banners,5,,3.0,4.0,,,full colour,single-sided,,none,urgent (1-2 days),delivery,15000.0,0.0,350.0,18350.0,Colombo,Synthetic rule-based generation (see pricing rules in this notebook),,Synthetic prototype record
SYN-0247,,banners,2,,3.0,4.0,,,full colour,single-sided,,matte lamination,standard,island-wide courier,6000.0,6.0,650.0,6656.0,Kurunegala,Synthetic rule-based generation (see pricing rules in this notebook),,Synthetic prototype record
SYN-0248,,banners,2,,3.0,4.0,,,full colour,single-sided,,gloss lamination,standard,island-wide courier,6000.0,6.0,650.0,6656.0,Jaffna,Synthetic rule-based generation (see pricing rules in this notebook),,Synthetic prototype record
SYN-0249,,banners,5,,4.0,6.0,,,full colour,single-sided,,gloss lamination,rush (same/next day),island-wide courier,30000.0,15.0,650.0,41170.25,Jaffna,Synthetic rule-based generation (see pricing rules in this notebook),,Synthetic prototype record
SYN-0250,,banners,3,,4.0,6.0,,,full colour,single-sided,,gloss lamination,rush (same/next day),delivery,18000.0,9.0,350.0,24662.15,Kurunegala,Synthetic rule-based generation (see pricing rules in this notebook),,Synthetic prototype record
SYN-0251,,banners,5,,2.0,3.0,,,full colour,single-sided,,gloss lamination,standard,delivery,7500.0,15.0,350.0,7865.0,Jaffna,Synthetic rule-based generation (see pricing rules in this notebook),,Synthetic prototype record
SYN-0252,,banners,1,,6.0,8.0,,,full colour,single-sided,,matte lamination,standard,island-wide courier,12000.0,3.0,650.0,12653.0,Galle,Synthetic rule-based generation (see pricing rules in this notebook),,Synthetic prototype record
SYN-0253,,banners,3,,2.0,3.0,,,full colour,single-sided,,matte lamination,rush (same/next day),island-wide courier,4500.0,9.0,650.0,6737.15,Matara,Synthetic rule-based generation (see pricing rules in this notebook),,Synthetic prototype record
SYN-0254,,banners,2,,4.0,6.0,,,full colour,single-sided,,none,urgent (1-2 days),self-collection,12000.0,0.0,0.0,14400.0,Matara,Synthetic rule-based generation (see pricing rules in this notebook),,Synthetic prototype record
SYN-0255,,banners,2,,8.0,10.0,,,full colour,single-sided,,gloss lamination,rush (same/next day),island-wide courier,40000.0,6.0,650.0,54658.1,Jaffna,Synthetic rule-based generation (see pricing rules in this notebook),,Synthetic prototype record
SYN-0256,,banners,5,,4.0,6.0,,,full colour,single-sided,,matte lamination,rush (same/next day),island-wide courier,30000.0,15.0,650.0,41170.25,Kurunegala,Synthetic rule-based generation (see pricing rules in this notebook),,Synthetic prototype record
SYN-0257,,banners,2,,6.0,8.0,,,full colour,single-sided,,matte lamination,urgent (1-2 days),self-collection,24000.0,6.0,0.0,28807.2,Galle,Synthetic rule-based generation (see pricing rules in this notebook),,Synthetic prototype record
SYN-0258,,banners,5,,10.0,15.0,,,full colour,single-sided,,none,rush (same/next day),island-wide courier,187500.0,0.0,650.0,253775.0,Colombo,Synthetic rule-based generation (see pricing rules in this notebook),,Synthetic prototype record
SYN-0259,,banners,1,,8.0,10.0,,,full colour,single-sided,,none,rush (same/next day),self-collection,20000.0,0.0,0.0,27000.0,Colombo,Synthetic rule-based generation (see pricing rules in this notebook),,Synthetic prototype record
SYN-0260,,banners,2,,6.0,8.0,,,full colour,single-sided,,matte lamination,standard,self-collection,24000.0,6.0,0.0,24006.0,Galle,Synthetic rule-based generation (see pricing rules in this notebook),,Synthetic prototype record
PUB-0013,,photocopy,1,A4,,,copy paper,80.0,black and white,single-sided,1.0,none,,,10.0,0.0,0.0,10.0,Kelaniya,https://lib.niibs.lk/photocopy-and-printout-service/,2026-08-20,Publicly available Sri Lankan price
PUB-0014,,photocopy,1,A4,,,copy paper,80.0,black and white,double-sided,1.0,none,,,15.0,0.0,0.0,15.0,Kelaniya,https://lib.niibs.lk/photocopy-and-printout-service/,2026-08-20,Publicly available Sri Lankan price
PUB-0015,,photocopy,1,A4,,,copy paper,80.0,full colour,single-sided,1.0,none,,,25.0,0.0,0.0,25.0,Kelaniya,https://lib.niibs.lk/photocopy-and-printout-service/,2026-08-20,Publicly available Sri Lankan price
PUB-0016,,photocopy,1,A4,,,copy paper,80.0,full colour,double-sided,1.0,none,,,40.0,0.0,0.0,40.0,Kelaniya,https://lib.niibs.lk/photocopy-and-printout-service/,2026-08-20,Publicly available Sri Lankan price
PUB-0017,,document printout,1,A4,,,copy paper,80.0,black and white,single-sided,1.0,none,,,10.0,0.0,0.0,10.0,Kelaniya,https://lib.niibs.lk/photocopy-and-printout-service/,2026-08-20,Publicly available Sri Lankan price
PUB-0018,,document printout,1,A4,,,copy paper,80.0,black and white,double-sided,1.0,none,,,15.0,0.0,0.0,15.0,Kelaniya,https://lib.niibs.lk/photocopy-and-printout-service/,2026-08-20,Publicly available Sri Lankan price
PUB-0019,,document printout,1,A4,,,copy paper,80.0,full colour,single-sided,1.0,none,,,25.0,0.0,0.0,25.0,Kelaniya,https://lib.niibs.lk/photocopy-and-printout-service/,2026-08-20,Publicly available Sri Lankan price
PUB-0020,,document printout,1,A4,,,copy paper,80.0,full colour,double-sided,1.0,none,,,40.0,0.0,0.0,40.0,Kelaniya,https://lib.niibs.lk/photocopy-and-printout-service/,2026-08-20,Publicly available Sri Lankan price
PUB-0021,,photocopy,1,A5,,,copy paper,80.0,black and white,,1.0,none,,,3.0,0.0,0.0,3.0,Belihuloya,https://www.sab.ac.lk/lib/other-services,2026-08-20,Publicly available Sri Lankan price
PUB-0022,,photocopy,1,A4,,,copy paper,80.0,black and white,,1.0,none,,,4.0,0.0,0.0,4.0,Belihuloya,https://www.sab.ac.lk/lib/other-services,2026-08-20,Publicly available Sri Lankan price
PUB-0023,,photocopy,1,A3,,,copy paper,80.0,black and white,,1.0,none,,,8.0,0.0,0.0,8.0,Belihuloya,https://www.sab.ac.lk/lib/other-services,2026-08-20,Publicly available Sri Lankan price
PUB-0024,,photocopy,1,B5,,,copy paper,80.0,black and white,,1.0,none,,,4.0,0.0,0.0,4.0,Belihuloya,https://www.sab.ac.lk/lib/other-services,2026-08-20,Publicly available Sri Lankan price
PUB-0025,,photocopy,1,B4,,,copy paper,80.0,black and white,,1.0,none,,,8.0,0.0,0.0,8.0,Belihuloya,https://www.sab.ac.lk/lib/other-services,2026-08-20,Publicly available Sri Lankan price
PUB-0026,,document printout,1,A4,,,copy paper,80.0,black and white,single-sided,1.0,none,,,10.0,0.0,0.0,10.0,Belihuloya,https://www.sab.ac.lk/lib/other-services,2026-08-20,Publicly available Sri Lankan price
PUB-0027,,document printout,1,A3,,,copy paper,80.0,black and white,single-sided,1.0,none,,,20.0,0.0,0.0,20.0,Belihuloya,https://www.sab.ac.lk/lib/other-services,2026-08-20,Publicly available Sri Lankan price
PUB-0028,,document printout,1,A4,,,copy paper,80.0,full colour,single-sided,1.0,none,,,50.0,0.0,0.0,50.0,Belihuloya,https://www.sab.ac.lk/lib/other-services,2026-08-20,Publicly available Sri Lankan price
PUB-0029,,document printout,1,A3,,,copy paper,80.0,full colour,single-sided,1.0,none,,,80.0,0.0,0.0,80.0,Belihuloya,https://www.sab.ac.lk/lib/other-services,2026-08-20,Publicly available Sri Lankan price
PUB-0030,,spiral binding,1,A4,,,copy paper,80.0,,,100.0,spiral binding,,,0.0,100.0,0.0,100.0,Belihuloya,https://www.sab.ac.lk/lib/other-services,2026-08-20,Publicly available Sri Lankan price
PUB-0031,,spiral binding,1,B4,,,copy paper,80.0,,,100.0,spiral binding,,,0.0,150.0,0.0,150.0,Belihuloya,https://www.sab.ac.lk/lib/other-services,2026-08-20,Publicly available Sri Lankan price
PUB-0032,,spiral binding,1,A3,,,copy paper,80.0,,,100.0,spiral binding,,,0.0,200.0,0.0,200.0,Belihuloya,https://www.sab.ac.lk/lib/other-services,2026-08-20,Publicly available Sri Lankan price
PUB-0033,,spiral binding,1,A4,,,copy paper,80.0,,,200.0,spiral binding,,,0.0,150.0,0.0,150.0,Belihuloya,https://www.sab.ac.lk/lib/other-services,2026-08-20,Publicly available Sri Lankan price
PUB-0034,,spiral binding,1,B4,,,copy paper,80.0,,,200.0,spiral binding,,,0.0,250.0,0.0,250.0,Belihuloya,https://www.sab.ac.lk/lib/other-services,2026-08-20,Publicly available Sri Lankan price
PUB-0035,,spiral binding,1,A3,,,copy paper,80.0,,,200.0,spiral binding,,,0.0,200.0,0.0,200.0,Belihuloya,https://www.sab.ac.lk/lib/other-services,2026-08-20,Publicly available Sri Lankan price
PUB-0036,,spiral binding,1,A4,,,copy paper,80.0,,,300.0,spiral binding,,,0.0,200.0,0.0,200.0,Belihuloya,https://www.sab.ac.lk/lib/other-services,2026-08-20,Publicly available Sri Lankan price
PUB-0037,,spiral binding,1,B4,,,copy paper,80.0,,,300.0,spiral binding,,,0.0,300.0,0.0,300.0,Belihuloya,https://www.sab.ac.lk/lib/other-services,2026-08-20,Publicly available Sri Lankan price
PUB-0038,,spiral binding,1,A3,,,copy paper,80.0,,,300.0,spiral binding,,,0.0,250.0,0.0,250.0,Belihuloya,https://www.sab.ac.lk/lib/other-services,2026-08-20,Publicly available Sri Lankan price
PUB-0039,,photocopy,1,A4,,,copy paper,80.0,black and white,,1.0,none,,,4.0,0.0,0.0,4.0,Sri Lanka,https://photocopy.lk/,2026-08-20,Publicly available Sri Lankan price
PUB-0040,,photocopy,1,A3,,,copy paper,80.0,black and white,,1.0,none,,,8.0,0.0,0.0,8.0,Sri Lanka,https://photocopy.lk/,2026-08-20,Publicly available Sri Lankan price
PUB-0041,,photocopy,1,A4,,,copy paper,80.0,full colour,,1.0,none,,,17.0,0.0,0.0,17.0,Sri Lanka,https://photocopy.lk/,2026-08-20,Publicly available Sri Lankan price
PUB-0042,,photocopy,1,A3,,,copy paper,80.0,full colour,,1.0,none,,,30.0,0.0,0.0,30.0,Sri Lanka,https://photocopy.lk/,2026-08-20,Publicly available Sri Lankan price
PUB-0043,,photocopy,1,A4,,,copy paper,80.0,black and white,single-sided,1.0,none,,,15.0,0.0,0.0,15.0,Sri Lanka,https://english.dg.lk/prices/,2026-08-20,Publicly available Sri Lankan price
PUB-0044,,photocopy,10,A4,,,copy paper,80.0,black and white,single-sided,1.0,none,,,140.0,0.0,0.0,140.0,Sri Lanka,https://english.dg.lk/prices/,2026-08-20,Publicly available Sri Lankan price
PUB-0045,,photocopy,100,A4,,,copy paper,80.0,black and white,single-sided,1.0,none,,,1300.0,0.0,0.0,1300.0,Sri Lanka,https://english.dg.lk/prices/,2026-08-20,Publicly available Sri Lankan price
PUB-0046,,photocopy,1000,A4,,,copy paper,80.0,black and white,single-sided,1.0,none,,,12000.0,0.0,0.0,12000.0,Sri Lanka,https://english.dg.lk/prices/,2026-08-20,Publicly available Sri Lankan price
PUB-0047,,photocopy,1,A3,,,copy paper,80.0,black and white,single-sided,1.0,none,,,30.0,0.0,0.0,30.0,Sri Lanka,https://english.dg.lk/prices/,2026-08-20,Publicly available Sri Lankan price
PUB-0048,,photocopy,100,A3,,,copy paper,80.0,black and white,single-sided,1.0,none,,,2600.0,0.0,0.0,2600.0,Sri Lanka,https://english.dg.lk/prices/,2026-08-20,Publicly available Sri Lankan price
PUB-0049,,photocopy,1000,A3,,,copy paper,80.0,black and white,single-sided,1.0,none,,,24000.0,0.0,0.0,24000.0,Sri Lanka,https://english.dg.lk/prices/,2026-08-20,Publicly available Sri Lankan price
PUB-0050,,photocopy,1,A4,,,copy paper,80.0,full colour,single-sided,1.0,none,,,50.0,0.0,0.0,50.0,Sri Lanka,https://english.dg.lk/prices/,2026-08-20,Publicly available Sri Lankan price
PUB-0051,,photocopy,10,A4,,,copy paper,80.0,full colour,single-sided,1.0,none,,,450.0,0.0,0.0,450.0,Sri Lanka,https://english.dg.lk/prices/,2026-08-20,Publicly available Sri Lankan price
PUB-0052,,photocopy,100,A4,,,copy paper,80.0,full colour,single-sided,1.0,none,,,4000.0,0.0,0.0,4000.0,Sri Lanka,https://english.dg.lk/prices/,2026-08-20,Publicly available Sri Lankan price
PUB-0053,,photocopy,1000,A4,,,copy paper,80.0,full colour,single-sided,1.0,none,,,35000.0,0.0,0.0,35000.0,Sri Lanka,https://english.dg.lk/prices/,2026-08-20,Publicly available Sri Lankan price
PUB-0054,,photocopy,1,A3,,,copy paper,80.0,full colour,single-sided,1.0,none,,,100.0,0.0,0.0,100.0,Sri Lanka,https://english.dg.lk/prices/,2026-08-20,Publicly available Sri Lankan price
PUB-0055,,photocopy,100,A3,,,copy paper,80.0,full colour,single-sided,1.0,none,,,8000.0,0.0,0.0,8000.0,Sri Lanka,https://english.dg.lk/prices/,2026-08-20,Publicly available Sri Lankan price
PUB-0056,,photocopy,1000,A3,,,copy paper,80.0,full colour,single-sided,1.0,none,,,70000.0,0.0,0.0,70000.0,Sri Lanka,https://english.dg.lk/prices/,2026-08-20,Publicly available Sri Lankan price
PUB-0057,,lamination,1,A4,,,laminating film,,,single-sided,1.0,cold lamination,,,0.0,25.0,0.0,25.0,Sri Lanka,https://english.dg.lk/prices/,2026-08-20,Publicly available Sri Lankan price
PUB-0058,,lamination,10,A4,,,laminating film,,,single-sided,1.0,cold lamination,,,0.0,225.0,0.0,225.0,Sri Lanka,https://english.dg.lk/prices/,2026-08-20,Publicly available Sri Lankan price
PUB-0059,,lamination,100,A4,,,laminating film,,,single-sided,1.0,cold lamination,,,0.0,2000.0,0.0,2000.0,Sri Lanka,https://english.dg.lk/prices/,2026-08-20,Publicly available Sri Lankan price
PUB-0060,,lamination,1,A4,,,laminating film,,,double-sided,1.0,cold lamination,,,0.0,30.0,0.0,30.0,Sri Lanka,https://english.dg.lk/prices/,2026-08-20,Publicly available Sri Lankan price
PUB-0061,,lamination,10,A4,,,laminating film,,,double-sided,1.0,cold lamination,,,0.0,275.0,0.0,275.0,Sri Lanka,https://english.dg.lk/prices/,2026-08-20,Publicly available Sri Lankan price
PUB-0062,,lamination,100,A4,,,laminating film,,,double-sided,1.0,cold lamination,,,0.0,2500.0,0.0,2500.0,Sri Lanka,https://english.dg.lk/prices/,2026-08-20,Publicly available Sri Lankan price
PUB-0063,,lamination,1,A3,,,laminating film,,,single-sided,1.0,cold lamination,,,0.0,50.0,0.0,50.0,Sri Lanka,https://english.dg.lk/prices/,2026-08-20,Publicly available Sri Lankan price
PUB-0064,,lamination,10,A3,,,laminating film,,,single-sided,1.0,cold lamination,,,0.0,450.0,0.0,450.0,Sri Lanka,https://english.dg.lk/prices/,2026-08-20,Publicly available Sri Lankan price
PUB-0065,,lamination,1,A3,,,laminating film,,,double-sided,1.0,cold lamination,,,0.0,60.0,0.0,60.0,Sri Lanka,https://english.dg.lk/prices/,2026-08-20,Publicly available Sri Lankan price
PUB-0066,,lamination,10,A3,,,laminating film,,,double-sided,1.0,cold lamination,,,0.0,550.0,0.0,550.0,Sri Lanka,https://english.dg.lk/prices/,2026-08-20,Publicly available Sri Lankan price
PUB-0067,,photo printing,1,4R,,,photo paper,230.0,full colour,single-sided,1.0,gloss finish,,,120.0,0.0,0.0,120.0,Sri Lanka,https://seyaimaging.com/,2026-08-20,Publicly available Sri Lankan price
PUB-0068,,photo printing,1,5R,,,photo paper,230.0,full colour,single-sided,1.0,gloss finish,,,200.0,0.0,0.0,200.0,Sri Lanka,https://seyaimaging.com/,2026-08-20,Publicly available Sri Lankan price
PUB-0069,,photo printing,1,6R,,,photo paper,230.0,full colour,single-sided,1.0,gloss finish,,,250.0,0.0,0.0,250.0,Sri Lanka,https://seyaimaging.com/,2026-08-20,Publicly available Sri Lankan price
PUB-0070,,photo printing,1,8R,,,photo paper,230.0,full colour,single-sided,1.0,gloss finish,,,350.0,0.0,0.0,350.0,Sri Lanka,https://seyaimaging.com/,2026-08-20,Publicly available Sri Lankan price
PUB-0071,,photo printing,1,8x12,,,photo paper,230.0,full colour,single-sided,1.0,gloss finish,,,550.0,0.0,0.0,550.0,Sri Lanka,https://seyaimaging.com/,2026-08-20,Publicly available Sri Lankan price
PUB-0072,,photo printing,1,10R,,,photo paper,230.0,full colour,single-sided,1.0,gloss finish,,,650.0,0.0,0.0,650.0,Sri Lanka,https://seyaimaging.com/,2026-08-20,Publicly available Sri Lankan price
PUB-0073,,photo printing,1,10x15,,,photo paper,230.0,full colour,single-sided,1.0,gloss finish,,,885.0,0.0,0.0,885.0,Sri Lanka,https://seyaimaging.com/,2026-08-20,Publicly available Sri Lankan price
PUB-0074,,photo printing,6,4R,,,gloss photo paper,230.0,full colour,single-sided,1.0,gloss finish,,,450.0,0.0,0.0,450.0,Sri Lanka,https://www.printshrint.com/product/photo-prints/,2026-08-20,Publicly available Sri Lankan price
PUB-0075,,photo printing,6,5R,,,gloss photo paper,230.0,full colour,single-sided,1.0,gloss finish,,,540.0,0.0,0.0,540.0,Sri Lanka,https://www.printshrint.com/product/photo-prints/,2026-08-20,Publicly available Sri Lankan price
PUB-0076,,photo printing,12,4R,,,gloss photo paper,230.0,full colour,single-sided,1.0,gloss finish,,,800.0,0.0,0.0,800.0,Sri Lanka,https://www.printshrint.com/product/photo-prints/,2026-08-20,Publicly available Sri Lankan price
PUB-0077,,photo printing,12,5R,,,gloss photo paper,230.0,full colour,single-sided,1.0,gloss finish,,,980.0,0.0,0.0,980.0,Sri Lanka,https://www.printshrint.com/product/photo-prints/,2026-08-20,Publicly available Sri Lankan price
SYN-0261,,lamination,1,A5,,,laminating film,,,single-sided,1.0,cold lamination,standard,self-collection,0.0,19.13,0.0,19.51,Maharagama,Synthetic rule-based generation calibrated to Sri Lankan public price references,2026-08-20,Synthetic prototype record
SYN-0262,,photocopy,20,A4,,,copy paper,80.0,black and white,single-sided,1.0,none,standard,self-collection,230.57,0.0,0.0,235.18,Maharagama,Synthetic rule-based generation calibrated to Sri Lankan public price references,2026-08-20,Synthetic prototype record
SYN-0263,,spiral binding,1,B4,,,copy paper,80.0,,,100.0,spiral binding,standard,delivery,0.0,150.16,350.0,501.66,Kandy,Synthetic rule-based generation calibrated to Sri Lankan public price references,2026-08-20,Synthetic prototype record
SYN-0264,,photocopy,5,A4,,,copy paper,80.0,black and white,single-sided,1.0,none,standard,island-wide courier,31.41,0.0,650.0,682.66,Nugegoda,Synthetic rule-based generation calibrated to Sri Lankan public price references,2026-08-20,Synthetic prototype record
SYN-0265,,photocopy,50,A5,,,copy paper,80.0,black and white,double-sided,1.0,none,standard,delivery,654.08,0.0,350.0,1043.32,Colombo,Synthetic rule-based generation calibrated to Sri Lankan public price references,2026-08-20,Synthetic prototype record
SYN-0266,,spiral binding,1,A4,,,copy paper,80.0,,,200.0,spiral binding,standard,self-collection,0.0,156.8,0.0,155.23,Kalutara,Synthetic rule-based generation calibrated to Sri Lankan public price references,2026-08-20,Synthetic prototype record
SYN-0267,,photocopy,5,A3,,,copy paper,80.0,black and white,double-sided,1.0,none,standard,self-collection,112.76,0.0,0.0,115.02,Maharagama,Synthetic rule-based generation calibrated to Sri Lankan public price references,2026-08-20,Synthetic prototype record
SYN-0268,,spiral binding,2,A3,,,copy paper,80.0,,,50.0,spiral binding,standard,island-wide courier,0.0,343.46,650.0,993.46,Gampaha,Synthetic rule-based generation calibrated to Sri Lankan public price references,2026-08-20,Synthetic prototype record
SYN-0269,,lamination,10,A3,,,laminating film,,,single-sided,1.0,lamination,standard,self-collection,0.0,561.52,0.0,567.14,Kandy,Synthetic rule-based generation calibrated to Sri Lankan public price references,2026-08-20,Synthetic prototype record
SYN-0270,,document printout,50,Legal,,,colour paper,80.0,black and white,single-sided,100.0,none,urgent (1-2 days),delivery,63420.75,0.0,350.0,70112.82,Gampaha,Synthetic rule-based generation calibrated to Sri Lankan public price references,2026-08-20,Synthetic prototype record
SYN-0271,,lamination,100,A3,,,laminating film,,,single-sided,1.0,lamination,standard,self-collection,0.0,4837.19,0.0,4933.93,Maharagama,Synthetic rule-based generation calibrated to Sri Lankan public price references,2026-08-20,Synthetic prototype record
SYN-0272,,lamination,2,A5,,,laminating film,,,double-sided,1.0,lamination,standard,self-collection,0.0,49.47,0.0,49.47,Gampaha,Synthetic rule-based generation calibrated to Sri Lankan public price references,2026-08-20,Synthetic prototype record
SYN-0273,,photo printing,10,10x15,,,matte photo paper,230.0,full colour,single-sided,1.0,matte finish,urgent (1-2 days),self-collection,8259.78,0.0,0.0,8904.04,Kurunegala,Synthetic rule-based generation calibrated to Sri Lankan public price references,2026-08-20,Synthetic prototype record
SYN-0274,,photocopy,10,A4,,,copy paper,80.0,full colour,single-sided,1.0,none,standard,self-collection,187.58,0.0,0.0,185.7,Kalutara,Synthetic rule-based generation calibrated to Sri Lankan public price references,2026-08-20,Synthetic prototype record
SYN-0275,,spiral binding,3,A4,,,copy paper,80.0,,,100.0,spiral binding,standard,self-collection,0.0,324.51,0.0,324.51,Gampaha,Synthetic rule-based generation calibrated to Sri Lankan public price references,2026-08-20,Synthetic prototype record
SYN-0276,,photo printing,5,4R,,,gloss photo paper,230.0,full colour,single-sided,1.0,gloss finish,standard,self-collection,535.31,0.0,0.0,556.72,Dehiwala,Synthetic rule-based generation calibrated to Sri Lankan public price references,2026-08-20,Synthetic prototype record
SYN-0277,,spiral binding,20,B4,,,copy paper,80.0,,,100.0,spiral binding,standard,self-collection,0.0,2726.59,0.0,2699.33,Kalutara,Synthetic rule-based generation calibrated to Sri Lankan public price references,2026-08-20,Synthetic prototype record
SYN-0278,,photocopy,5,A4,,,copy paper,80.0,black and white,single-sided,1.0,none,urgent (1-2 days),self-collection,39.57,0.0,0.0,43.53,Gampaha,Synthetic rule-based generation calibrated to Sri Lankan public price references,2026-08-20,Synthetic prototype record
SYN-0279,,photo printing,12,4R,,,gloss photo paper,260.0,full colour,single-sided,1.0,gloss finish,urgent (1-2 days),island-wide courier,803.58,0.0,650.0,1542.77,Kandy,Synthetic rule-based generation calibrated to Sri Lankan public price references,2026-08-20,Synthetic prototype record
SYN-0280,,document printout,10,A4,,,copy paper,80.0,black and white,single-sided,100.0,none,standard,island-wide courier,9236.54,0.0,650.0,10440.73,Colombo,Synthetic rule-based generation calibrated to Sri Lankan public price references,2026-08-20,Synthetic prototype record
SYN-0281,,photocopy,100,A5,,,copy paper,80.0,black and white,single-sided,1.0,none,standard,self-collection,760.64,0.0,0.0,768.24,Kandy,Synthetic rule-based generation calibrated to Sri Lankan public price references,2026-08-20,Synthetic prototype record
SYN-0282,,spiral binding,1,A3,,,copy paper,80.0,,,200.0,spiral binding,standard,island-wide courier,0.0,226.46,650.0,876.46,Gampaha,Synthetic rule-based generation calibrated to Sri Lankan public price references,2026-08-20,Synthetic prototype record
SYN-0283,,photocopy,5,Legal,,,copy paper,80.0,full colour,single-sided,1.0,none,urgent (1-2 days),island-wide courier,220.87,0.0,650.0,890.53,Galle,Synthetic rule-based generation calibrated to Sri Lankan public price references,2026-08-20,Synthetic prototype record
SYN-0284,,document printout,10,Legal,,,copy paper,80.0,full colour,single-sided,20.0,none,standard,self-collection,9794.73,0.0,0.0,9990.62,Maharagama,Synthetic rule-based generation calibrated to Sri Lankan public price references,2026-08-20,Synthetic prototype record
SYN-0285,,photocopy,1,A4,,,copy paper,80.0,black and white,double-sided,1.0,none,rush (same/next day),self-collection,10.04,0.0,0.0,12.29,Maharagama,Synthetic rule-based generation calibrated to Sri Lankan public price references,2026-08-20,Synthetic prototype record
SYN-0286,,photo printing,2,8x12,,,gloss photo paper,230.0,full colour,single-sided,1.0,gloss finish,standard,island-wide courier,1043.66,0.0,650.0,1683.22,Galle,Synthetic rule-based generation calibrated to Sri Lankan public price references,2026-08-20,Synthetic prototype record
SYN-0287,,photocopy,1,A3,,,copy paper,80.0,black and white,single-sided,1.0,none,standard,delivery,21.42,0.0,350.0,370.99,Kurunegala,Synthetic rule-based generation calibrated to Sri Lankan public price references,2026-08-20,Synthetic prototype record
SYN-0288,,photocopy,10,A3,,,copy paper,80.0,black and white,single-sided,1.0,none,standard,delivery,248.85,0.0,350.0,598.85,Gampaha,Synthetic rule-based generation calibrated to Sri Lankan public price references,2026-08-20,Synthetic prototype record
SYN-0289,,photo printing,2,6R,,,gloss photo paper,230.0,full colour,single-sided,1.0,gloss finish,urgent (1-2 days),self-collection,492.19,0.0,0.0,541.41,Gampaha,Synthetic rule-based generation calibrated to Sri Lankan public price references,2026-08-20,Synthetic prototype record
SYN-0290,,document printout,20,A4,,,copy paper,80.0,full colour,double-sided,20.0,none,rush (same/next day),self-collection,14905.51,0.0,0.0,17528.88,Kurunegala,Synthetic rule-based generation calibrated to Sri Lankan public price references,2026-08-20,Synthetic prototype record
SYN-0291,,photocopy,5,Legal,,,copy paper,80.0,full colour,single-sided,1.0,none,urgent (1-2 days),self-collection,180.05,0.0,0.0,196.08,Galle,Synthetic rule-based generation calibrated to Sri Lankan public price references,2026-08-20,Synthetic prototype record
SYN-0292,,spiral binding,10,A4,,,copy paper,80.0,,,200.0,spiral binding,standard,self-collection,0.0,1531.58,0.0,1623.47,Colombo,Synthetic rule-based generation calibrated to Sri Lankan public price references,2026-08-20,Synthetic prototype record
SYN-0293,,photocopy,100,A5,,,copy paper,80.0,black and white,single-sided,1.0,none,urgent (1-2 days),self-collection,893.57,0.0,0.0,1002.59,Maharagama,Synthetic rule-based generation calibrated to Sri Lankan public price references,2026-08-20,Synthetic prototype record
SYN-0294,,photocopy,10,A4,,,copy paper,80.0,full colour,single-sided,1.0,none,standard,self-collection,232.34,0.0,0.0,234.66,Kandy,Synthetic rule-based generation calibrated to Sri Lankan public price references,2026-08-20,Synthetic prototype record
SYN-0295,,photo printing,1,10R,,,gloss photo paper,230.0,full colour,single-sided,1.0,gloss finish,urgent (1-2 days),island-wide courier,669.53,0.0,650.0,1379.11,Kalutara,Synthetic rule-based generation calibrated to Sri Lankan public price references,2026-08-20,Synthetic prototype record
SYN-0296,,photo printing,5,10R,,,gloss photo paper,230.0,full colour,single-sided,1.0,gloss finish,urgent (1-2 days),self-collection,3218.53,0.0,0.0,3575.79,Kandy,Synthetic rule-based generation calibrated to Sri Lankan public price references,2026-08-20,Synthetic prototype record
SYN-0297,,photo printing,20,8x12,,,matte photo paper,230.0,full colour,single-sided,1.0,matte finish,standard,self-collection,8322.78,0.0,0.0,8322.78,Gampaha,Synthetic rule-based generation calibrated to Sri Lankan public price references,2026-08-20,Synthetic prototype record
SYN-0298,,photocopy,500,A4,,,copy paper,80.0,full colour,double-sided,1.0,none,standard,delivery,17054.27,0.0,350.0,17574.81,Negombo,Synthetic rule-based generation calibrated to Sri Lankan public price references,2026-08-20,Synthetic prototype record
SYN-0299,,photocopy,1000,A4,,,copy paper,80.0,full colour,single-sided,1.0,none,urgent (1-2 days),self-collection,37985.48,0.0,0.0,41784.03,Gampaha,Synthetic rule-based generation calibrated to Sri Lankan public price references,2026-08-20,Synthetic prototype record
SYN-0300,,photo printing,10,4R,,,gloss photo paper,260.0,full colour,single-sided,1.0,gloss finish,standard,island-wide courier,779.46,0.0,650.0,1421.67,Kalutara,Synthetic rule-based generation calibrated to Sri Lankan public price references,2026-08-20,Synthetic prototype record
SYN-0301,,document printout,20,A4,,,colour paper,80.0,full colour,single-sided,10.0,none,standard,self-collection,7566.6,0.0,0.0,7490.94,Galle,Synthetic rule-based generation calibrated to Sri Lankan public price references,2026-08-20,Synthetic prototype record
SYN-0302,,photo printing,12,8R,,,gloss photo paper,260.0,full colour,single-sided,1.0,gloss finish,standard,delivery,3464.9,0.0,350.0,3849.55,Negombo,Synthetic rule-based generation calibrated to Sri Lankan public price references,2026-08-20,Synthetic prototype record
SYN-0303,,photocopy,250,A3,,,copy paper,80.0,black and white,double-sided,1.0,none,standard,self-collection,5035.26,0.0,0.0,5085.61,Negombo,Synthetic rule-based generation calibrated to Sri Lankan public price references,2026-08-20,Synthetic prototype record
SYN-0304,,photocopy,100,A4,,,copy paper,80.0,black and white,single-sided,1.0,none,standard,self-collection,922.7,0.0,0.0,931.93,Kandy,Synthetic rule-based generation calibrated to Sri Lankan public price references,2026-08-20,Synthetic prototype record
SYN-0305,,lamination,50,A4,,,laminating film,,,double-sided,1.0,lamination,urgent (1-2 days),self-collection,0.0,1383.3,0.0,1506.42,Galle,Synthetic rule-based generation calibrated to Sri Lankan public price references,2026-08-20,Synthetic prototype record
SYN-0306,,photocopy,500,A3,,,copy paper,80.0,full colour,single-sided,1.0,none,standard,delivery,38571.46,0.0,350.0,40464.32,Dehiwala,Synthetic rule-based generation calibrated to Sri Lankan public price references,2026-08-20,Synthetic prototype record
SYN-0307,,document printout,2,Legal,,,copy paper,80.0,full colour,double-sided,1.0,none,standard,self-collection,74.22,0.0,0.0,75.71,Maharagama,Synthetic rule-based generation calibrated to Sri Lankan public price references,2026-08-20,Synthetic prototype record
SYN-0308,,photocopy,10,A5,,,copy paper,80.0,black and white,double-sided,1.0,none,standard,delivery,141.23,0.0,350.0,496.88,Nugegoda,Synthetic rule-based generation calibrated to Sri Lankan public price references,2026-08-20,Synthetic prototype record
SYN-0309,,document printout,20,Legal,,,copy paper,80.0,full colour,single-sided,200.0,none,urgent (1-2 days),self-collection,124541.64,0.0,0.0,134255.89,Kurunegala,Synthetic rule-based generation calibrated to Sri Lankan public price references,2026-08-20,Synthetic prototype record
SYN-0310,,photocopy,500,A4,,,copy paper,80.0,black and white,single-sided,1.0,none,standard,self-collection,3621.99,0.0,0.0,3694.43,Maharagama,Synthetic rule-based generation calibrated to Sri Lankan public price references,2026-08-20,Synthetic prototype record
SYN-0311,,lamination,10,A4,,,laminating film,,,single-sided,1.0,lamination,standard,self-collection,0.0,257.31,0.0,272.75,Colombo,Synthetic rule-based generation calibrated to Sri Lankan public price references,2026-08-20,Synthetic prototype record
SYN-0312,,spiral binding,20,A3,,,copy paper,80.0,,,50.0,spiral binding,standard,island-wide courier,0.0,3258.41,650.0,3940.99,Negombo,Synthetic rule-based generation calibrated to Sri Lankan public price references,2026-08-20,Synthetic prototype record
SYN-0313,,spiral binding,5,B4,,,copy paper,80.0,,,250.0,spiral binding,urgent (1-2 days),self-collection,0.0,1376.32,0.0,1574.51,Dehiwala,Synthetic rule-based generation calibrated to Sri Lankan public price references,2026-08-20,Synthetic prototype record
SYN-0314,,document printout,1,A4,,,copy paper,80.0,full colour,single-sided,100.0,none,rush (same/next day),self-collection,3349.56,0.0,0.0,4059.67,Kandy,Synthetic rule-based generation calibrated to Sri Lankan public price references,2026-08-20,Synthetic prototype record
SYN-0315,,lamination,1,A4,,,laminating film,,,double-sided,1.0,cold lamination,standard,self-collection,0.0,34.36,0.0,36.42,Colombo,Synthetic rule-based generation calibrated to Sri Lankan public price references,2026-08-20,Synthetic prototype record
SYN-0316,,document printout,10,A3,,,copy paper,80.0,full colour,single-sided,20.0,none,standard,island-wide courier,9527.47,0.0,650.0,10368.02,Maharagama,Synthetic rule-based generation calibrated to Sri Lankan public price references,2026-08-20,Synthetic prototype record
SYN-0317,,lamination,1,A5,,,laminating film,,,double-sided,1.0,cold lamination,standard,self-collection,0.0,24.3,0.0,25.27,Dehiwala,Synthetic rule-based generation calibrated to Sri Lankan public price references,2026-08-20,Synthetic prototype record
SYN-0318,,photocopy,20,A4,,,copy paper,80.0,black and white,single-sided,1.0,none,urgent (1-2 days),self-collection,222.68,0.0,0.0,244.95,Gampaha,Synthetic rule-based generation calibrated to Sri Lankan public price references,2026-08-20,Synthetic prototype record
SYN-0319,,photocopy,1,Legal,,,copy paper,80.0,black and white,double-sided,1.0,none,standard,delivery,19.6,0.0,350.0,369.41,Galle,Synthetic rule-based generation calibrated to Sri Lankan public price references,2026-08-20,Synthetic prototype record
SYN-0320,,photocopy,50,A5,,,copy paper,80.0,black and white,single-sided,1.0,none,standard,self-collection,548.83,0.0,0.0,581.76,Colombo,Synthetic rule-based generation calibrated to Sri Lankan public price references,2026-08-20,Synthetic prototype record
SYN-0321,,photocopy,100,A4,,,copy paper,80.0,black and white,single-sided,1.0,none,standard,delivery,889.72,0.0,350.0,1230.82,Kalutara,Synthetic rule-based generation calibrated to Sri Lankan public price references,2026-08-20,Synthetic prototype record
SYN-0322,,photocopy,10,A3,,,copy paper,80.0,full colour,single-sided,1.0,none,urgent (1-2 days),self-collection,865.25,0.0,0.0,970.81,Maharagama,Synthetic rule-based generation calibrated to Sri Lankan public price references,2026-08-20,Synthetic prototype record
SYN-0323,,lamination,25,A4,,,laminating film,,,single-sided,1.0,lamination,standard,self-collection,0.0,705.07,0.0,733.27,Nugegoda,Synthetic rule-based generation calibrated to Sri Lankan public price references,2026-08-20,Synthetic prototype record
SYN-0324,,lamination,50,A4,,,laminating film,,,double-sided,1.0,cold lamination,urgent (1-2 days),self-collection,0.0,1363.86,0.0,1485.25,Kalutara,Synthetic rule-based generation calibrated to Sri Lankan public price references,2026-08-20,Synthetic prototype record
SYN-0325,,lamination,25,A3,,,laminating film,,,double-sided,1.0,cold lamination,standard,delivery,0.0,1410.88,350.0,1774.99,Negombo,Synthetic rule-based generation calibrated to Sri Lankan public price references,2026-08-20,Synthetic prototype record
SYN-0326,,document printout,50,A4,,,copy paper,80.0,black and white,single-sided,200.0,none,standard,self-collection,83989.35,0.0,0.0,87348.92,Dehiwala,Synthetic rule-based generation calibrated to Sri Lankan public price references,2026-08-20,Synthetic prototype record
SYN-0327,,document printout,50,A4,,,copy paper,80.0,black and white,single-sided,50.0,none,standard,self-collection,25471.22,0.0,0.0,25216.51,Kalutara,Synthetic rule-based generation calibrated to Sri Lankan public price references,2026-08-20,Synthetic prototype record
SYN-0328,,lamination,10,A4,,,laminating film,,,double-sided,1.0,lamination,urgent (1-2 days),self-collection,0.0,322.54,0.0,354.8,Gampaha,Synthetic rule-based generation calibrated to Sri Lankan public price references,2026-08-20,Synthetic prototype record
SYN-0329,,photocopy,1,A3,,,copy paper,80.0,black and white,single-sided,1.0,none,urgent (1-2 days),self-collection,12.77,0.0,0.0,13.76,Kurunegala,Synthetic rule-based generation calibrated to Sri Lankan public price references,2026-08-20,Synthetic prototype record
SYN-0330,,spiral binding,1,A4,,,copy paper,80.0,,,50.0,spiral binding,standard,island-wide courier,0.0,81.63,650.0,734.9,Nugegoda,Synthetic rule-based generation calibrated to Sri Lankan public price references,2026-08-20,Synthetic prototype record
SYN-0331,,photo printing,50,4R,,,gloss photo paper,260.0,full colour,single-sided,1.0,gloss finish,standard,delivery,3105.67,0.0,350.0,3642.01,Colombo,Synthetic rule-based generation calibrated to Sri Lankan public price references,2026-08-20,Synthetic prototype record
SYN-0332,,photocopy,20,A4,,,copy paper,80.0,full colour,single-sided,1.0,none,urgent (1-2 days),self-collection,854.65,0.0,0.0,930.72,Galle,Synthetic rule-based generation calibrated to Sri Lankan public price references,2026-08-20,Synthetic prototype record
SYN-0333,,photocopy,250,A4,,,copy paper,80.0,black and white,single-sided,1.0,none,standard,self-collection,2734.46,0.0,0.0,2707.12,Galle,Synthetic rule-based generation calibrated to Sri Lankan public price references,2026-08-20,Synthetic prototype record
SYN-0334,,photocopy,10,A4,,,copy paper,80.0,black and white,single-sided,1.0,none,standard,self-collection,118.82,0.0,0.0,123.58,Nugegoda,Synthetic rule-based generation calibrated to Sri Lankan public price references,2026-08-20,Synthetic prototype record
SYN-0335,,photocopy,500,A4,,,copy paper,80.0,black and white,single-sided,1.0,none,standard,island-wide courier,5408.36,0.0,650.0,6274.7,Dehiwala,Synthetic rule-based generation calibrated to Sri Lankan public price references,2026-08-20,Synthetic prototype record
SYN-0336,,photocopy,20,A3,,,copy paper,80.0,full colour,double-sided,1.0,none,standard,delivery,1240.36,0.0,350.0,1565.56,Kurunegala,Synthetic rule-based generation calibrated to Sri Lankan public price references,2026-08-20,Synthetic prototype record
SYN-0337,,document printout,10,A3,,,copy paper,80.0,full colour,single-sided,20.0,none,urgent (1-2 days),delivery,10055.02,0.0,350.0,12074.15,Colombo,Synthetic rule-based generation calibrated to Sri Lankan public price references,2026-08-20,Synthetic prototype record
SYN-0338,,photocopy,5,A4,,,copy paper,80.0,black and white,double-sided,1.0,none,standard,delivery,82.2,0.0,350.0,430.55,Kurunegala,Synthetic rule-based generation calibrated to Sri Lankan public price references,2026-08-20,Synthetic prototype record
SYN-0339,,document printout,50,Legal,,,copy paper,80.0,black and white,single-sided,200.0,none,standard,self-collection,116612.77,0.0,0.0,116612.77,Gampaha,Synthetic rule-based generation calibrated to Sri Lankan public price references,2026-08-20,Synthetic prototype record
SYN-0340,,lamination,5,A4,,,laminating film,,,double-sided,1.0,lamination,standard,self-collection,0.0,149.24,0.0,152.23,Maharagama,Synthetic rule-based generation calibrated to Sri Lankan public price references,2026-08-20,Synthetic prototype record
SYN-0341,,document printout,10,A3,,,copy paper,80.0,black and white,single-sided,1.0,none,standard,delivery,219.93,0.0,350.0,578.73,Nugegoda,Synthetic rule-based generation calibrated to Sri Lankan public price references,2026-08-20,Synthetic prototype record
SYN-0342,,photocopy,10,Legal,,,copy paper,80.0,black and white,single-sided,1.0,none,urgent (1-2 days),delivery,86.94,0.0,350.0,449.46,Dehiwala,Synthetic rule-based generation calibrated to Sri Lankan public price references,2026-08-20,Synthetic prototype record
SYN-0343,,document printout,20,A4,,,copy paper,80.0,full colour,double-sided,100.0,none,standard,delivery,42710.04,0.0,350.0,43487.14,Kandy,Synthetic rule-based generation calibrated to Sri Lankan public price references,2026-08-20,Synthetic prototype record
SYN-0344,,lamination,100,A5,,,laminating film,,,double-sided,1.0,cold lamination,standard,self-collection,0.0,2212.58,0.0,2234.71,Negombo,Synthetic rule-based generation calibrated to Sri Lankan public price references,2026-08-20,Synthetic prototype record
SYN-0345,,spiral binding,1,B4,,,copy paper,80.0,,,150.0,spiral binding,rush (same/next day),self-collection,0.0,215.63,0.0,256.17,Kalutara,Synthetic rule-based generation calibrated to Sri Lankan public price references,2026-08-20,Synthetic prototype record
SYN-0346,,photocopy,50,A5,,,copy paper,80.0,black and white,single-sided,1.0,none,standard,self-collection,508.66,0.0,0.0,529.0,Nugegoda,Synthetic rule-based generation calibrated to Sri Lankan public price references,2026-08-20,Synthetic prototype record
SYN-0347,,spiral binding,5,A3,,,copy paper,80.0,,,200.0,spiral binding,standard,self-collection,0.0,1100.43,0.0,1089.42,Galle,Synthetic rule-based generation calibrated to Sri Lankan public price references,2026-08-20,Synthetic prototype record
SYN-0348,,document printout,5,A3,,,copy paper,80.0,full colour,single-sided,200.0,none,standard,self-collection,71288.79,0.0,0.0,72001.68,Kandy,Synthetic rule-based generation calibrated to Sri Lankan public price references,2026-08-20,Synthetic prototype record
SYN-0349,,photo printing,12,10R,,,matte photo paper,260.0,full colour,single-sided,1.0,matte finish,standard,self-collection,6043.94,0.0,0.0,6285.7,Nugegoda,Synthetic rule-based generation calibrated to Sri Lankan public price references,2026-08-20,Synthetic prototype record
SYN-0350,,lamination,5,A4,,,laminating film,,,double-sided,1.0,lamination,urgent (1-2 days),delivery,0.0,148.34,350.0,513.17,Gampaha,Synthetic rule-based generation calibrated to Sri Lankan public price references,2026-08-20,Synthetic prototype record
SYN-0351,,document printout,5,A5,,,copy paper,80.0,black and white,single-sided,200.0,none,urgent (1-2 days),self-collection,8530.05,0.0,0.0,9289.22,Galle,Synthetic rule-based generation calibrated to Sri Lankan public price references,2026-08-20,Synthetic prototype record
SYN-0352,,spiral binding,20,A4,,,copy paper,80.0,,,50.0,spiral binding,standard,delivery,0.0,1517.9,350.0,1958.98,Colombo,Synthetic rule-based generation calibrated to Sri Lankan public price references,2026-08-20,Synthetic prototype record
SYN-0353,,document printout,10,A4,,,copy paper,80.0,black and white,double-sided,5.0,none,urgent (1-2 days),delivery,466.16,0.0,350.0,883.29,Dehiwala,Synthetic rule-based generation calibrated to Sri Lankan public price references,2026-08-20,Synthetic prototype record
SYN-0354,,document printout,20,A4,,,copy paper,80.0,black and white,single-sided,5.0,none,rush (same/next day),delivery,1252.33,0.0,350.0,1912.91,Nugegoda,Synthetic rule-based generation calibrated to Sri Lankan public price references,2026-08-20,Synthetic prototype record
SYN-0355,,photocopy,100,Legal,,,copy paper,80.0,black and white,double-sided,1.0,none,standard,self-collection,2176.69,0.0,0.0,2133.15,Kurunegala,Synthetic rule-based generation calibrated to Sri Lankan public price references,2026-08-20,Synthetic prototype record
SYN-0356,,photocopy,250,A4,,,copy paper,80.0,black and white,double-sided,1.0,none,standard,self-collection,3045.5,0.0,0.0,3075.96,Negombo,Synthetic rule-based generation calibrated to Sri Lankan public price references,2026-08-20,Synthetic prototype record
SYN-0357,,spiral binding,1,B4,,,copy paper,80.0,,,250.0,spiral binding,urgent (1-2 days),self-collection,0.0,295.6,0.0,318.66,Kurunegala,Synthetic rule-based generation calibrated to Sri Lankan public price references,2026-08-20,Synthetic prototype record
SYN-0358,,document printout,50,A3,,,copy paper,80.0,full colour,double-sided,10.0,none,rush (same/next day),delivery,35927.55,0.0,350.0,43463.06,Gampaha,Synthetic rule-based generation calibrated to Sri Lankan public price references,2026-08-20,Synthetic prototype record
SYN-0359,,spiral binding,1,A4,,,copy paper,80.0,,,250.0,spiral binding,standard,self-collection,0.0,169.7,0.0,166.31,Kurunegala,Synthetic rule-based generation calibrated to Sri Lankan public price references,2026-08-20,Synthetic prototype record
SYN-0360,,photocopy,1000,Legal,,,copy paper,80.0,black and white,single-sided,1.0,none,standard,delivery,8384.72,0.0,350.0,8818.56,Kandy,Synthetic rule-based generation calibrated to Sri Lankan public price references,2026-08-20,Synthetic prototype record
SYN-0361,,photo printing,10,8R,,,gloss photo paper,230.0,full colour,single-sided,1.0,gloss finish,standard,island-wide courier,3080.77,0.0,650.0,3730.77,Gampaha,Synthetic rule-based generation calibrated to Sri Lankan public price references,2026-08-20,Synthetic prototype record
SYN-0362,,lamination,100,4R,,,laminating film,,,double-sided,1.0,lamination,standard,self-collection,0.0,2009.9,0.0,2130.5,Colombo,Synthetic rule-based generation calibrated to Sri Lankan public price references,2026-08-20,Synthetic prototype record
SYN-0363,,lamination,25,A3,,,laminating film,,,double-sided,1.0,cold lamination,standard,delivery,0.0,1694.31,350.0,2027.37,Galle,Synthetic rule-based generation calibrated to Sri Lankan public price references,2026-08-20,Synthetic prototype record
SYN-0364,,document printout,20,A3,,,copy paper,80.0,black and white,single-sided,10.0,none,standard,island-wide courier,4577.89,0.0,650.0,5227.89,Gampaha,Synthetic rule-based generation calibrated to Sri Lankan public price references,2026-08-20,Synthetic prototype record
SYN-0365,,photo printing,2,4R,,,matte photo paper,230.0,full colour,single-sided,1.0,matte finish,standard,delivery,218.22,0.0,350.0,566.03,Kalutara,Synthetic rule-based generation calibrated to Sri Lankan public price references,2026-08-20,Synthetic prototype record
SYN-0366,,document printout,50,Legal,,,copy paper,80.0,full colour,double-sided,5.0,none,standard,self-collection,12392.17,0.0,0.0,12144.33,Kurunegala,Synthetic rule-based generation calibrated to Sri Lankan public price references,2026-08-20,Synthetic prototype record
SYN-0367,,document printout,2,A4,,,colour paper,80.0,full colour,single-sided,50.0,none,standard,island-wide courier,3363.91,0.0,650.0,4047.55,Negombo,Synthetic rule-based generation calibrated to Sri Lankan public price references,2026-08-20,Synthetic prototype record
SYN-0368,,spiral binding,1,A4,,,copy paper,80.0,,,300.0,spiral binding,standard,self-collection,0.0,209.18,0.0,221.74,Colombo,Synthetic rule-based generation calibrated to Sri Lankan public price references,2026-08-20,Synthetic prototype record
SYN-0369,,spiral binding,2,A3,,,copy paper,80.0,,,50.0,spiral binding,standard,delivery,0.0,351.26,350.0,715.32,Dehiwala,Synthetic rule-based generation calibrated to Sri Lankan public price references,2026-08-20,Synthetic prototype record
SYN-0370,,spiral binding,10,A4,,,copy paper,80.0,,,50.0,spiral binding,standard,delivery,0.0,825.4,350.0,1183.65,Kandy,Synthetic rule-based generation calibrated to Sri Lankan public price references,2026-08-20,Synthetic prototype record
SYN-0371,,lamination,1,A4,,,laminating film,,,single-sided,1.0,lamination,standard,self-collection,0.0,28.12,0.0,29.81,Colombo,Synthetic rule-based generation calibrated to Sri Lankan public price references,2026-08-20,Synthetic prototype record
SYN-0372,,document printout,1,A4,,,copy paper,80.0,full colour,single-sided,2.0,none,standard,delivery,76.18,0.0,350.0,429.23,Dehiwala,Synthetic rule-based generation calibrated to Sri Lankan public price references,2026-08-20,Synthetic prototype record
SYN-0373,,lamination,25,A4,,,laminating film,,,double-sided,1.0,lamination,standard,self-collection,0.0,680.81,0.0,687.61,Negombo,Synthetic rule-based generation calibrated to Sri Lankan public price references,2026-08-20,Synthetic prototype record
SYN-0374,,photo printing,2,10R,,,gloss photo paper,230.0,full colour,single-sided,1.0,gloss finish,standard,self-collection,1124.06,0.0,0.0,1101.58,Kurunegala,Synthetic rule-based generation calibrated to Sri Lankan public price references,2026-08-20,Synthetic prototype record
SYN-0375,,document printout,20,A4,,,copy paper,80.0,black and white,single-sided,20.0,none,urgent (1-2 days),self-collection,4710.53,0.0,0.0,5285.22,Maharagama,Synthetic rule-based generation calibrated to Sri Lankan public price references,2026-08-20,Synthetic prototype record
SYN-0376,,photo printing,20,5R,,,gloss photo paper,260.0,full colour,single-sided,1.0,gloss finish,standard,delivery,2494.66,0.0,350.0,2819.71,Kalutara,Synthetic rule-based generation calibrated to Sri Lankan public price references,2026-08-20,Synthetic prototype record
SYN-0377,,photo printing,50,4R,,,matte photo paper,230.0,full colour,single-sided,1.0,matte finish,urgent (1-2 days),self-collection,3282.78,0.0,0.0,3574.95,Kalutara,Synthetic rule-based generation calibrated to Sri Lankan public price references,2026-08-20,Synthetic prototype record
SYN-0378,,photo printing,12,8R,,,gloss photo paper,260.0,full colour,single-sided,1.0,gloss finish,rush (same/next day),delivery,3651.38,0.0,350.0,4994.55,Colombo,Synthetic rule-based generation calibrated to Sri Lankan public price references,2026-08-20,Synthetic prototype record
SYN-0379,,photocopy,1000,A4,,,copy paper,80.0,black and white,single-sided,1.0,none,standard,delivery,5366.35,0.0,350.0,5823.68,Maharagama,Synthetic rule-based generation calibrated to Sri Lankan public price references,2026-08-20,Synthetic prototype record
SYN-0380,,photocopy,250,A5,,,copy paper,80.0,full colour,double-sided,1.0,none,standard,delivery,10195.09,0.0,350.0,11156.8,Colombo,Synthetic rule-based generation calibrated to Sri Lankan public price references,2026-08-20,Synthetic prototype record
SYN-0381,,photocopy,10,A4,,,copy paper,80.0,full colour,double-sided,1.0,none,standard,self-collection,436.83,0.0,0.0,441.2,Kandy,Synthetic rule-based generation calibrated to Sri Lankan public price references,2026-08-20,Synthetic prototype record
SYN-0382,,spiral binding,1,B4,,,copy paper,80.0,,,50.0,spiral binding,standard,self-collection,0.0,117.87,0.0,119.05,Negombo,Synthetic rule-based generation calibrated to Sri Lankan public price references,2026-08-20,Synthetic prototype record
SYN-0383,,lamination,2,4R,,,laminating film,,,single-sided,1.0,cold lamination,standard,delivery,0.0,40.18,350.0,390.18,Gampaha,Synthetic rule-based generation calibrated to Sri Lankan public price references,2026-08-20,Synthetic prototype record
SYN-0384,,lamination,100,A4,,,laminating film,,,double-sided,1.0,lamination,standard,delivery,0.0,2563.9,350.0,2913.9,Gampaha,Synthetic rule-based generation calibrated to Sri Lankan public price references,2026-08-20,Synthetic prototype record
SYN-0385,,document printout,5,A4,,,copy paper,80.0,full colour,single-sided,1.0,none,urgent (1-2 days),self-collection,243.44,0.0,0.0,270.46,Kandy,Synthetic rule-based generation calibrated to Sri Lankan public price references,2026-08-20,Synthetic prototype record
SYN-0386,,photocopy,250,A4,,,copy paper,80.0,black and white,single-sided,1.0,none,standard,delivery,2258.02,0.0,350.0,2585.44,Kalutara,Synthetic rule-based generation calibrated to Sri Lankan public price references,2026-08-20,Synthetic prototype record
SYN-0387,,document printout,10,A5,,,copy paper,80.0,black and white,single-sided,2.0,none,standard,island-wide courier,175.61,0.0,650.0,825.61,Gampaha,Synthetic rule-based generation calibrated to Sri Lankan public price references,2026-08-20,Synthetic prototype record
SYN-0388,,spiral binding,10,A3,,,copy paper,80.0,,,200.0,spiral binding,standard,self-collection,0.0,2147.64,0.0,2147.64,Gampaha,Synthetic rule-based generation calibrated to Sri Lankan public price references,2026-08-20,Synthetic prototype record
SYN-0389,,lamination,2,A4,,,laminating film,,,single-sided,1.0,lamination,standard,delivery,0.0,50.41,350.0,400.92,Kandy,Synthetic rule-based generation calibrated to Sri Lankan public price references,2026-08-20,Synthetic prototype record
SYN-0390,,document printout,5,A3,,,copy paper,80.0,full colour,double-sided,50.0,none,standard,self-collection,12056.74,0.0,0.0,11936.17,Galle,Synthetic rule-based generation calibrated to Sri Lankan public price references,2026-08-20,Synthetic prototype record
SYN-0391,,lamination,5,4R,,,laminating film,,,double-sided,1.0,lamination,standard,island-wide courier,0.0,114.47,650.0,769.05,Dehiwala,Synthetic rule-based generation calibrated to Sri Lankan public price references,2026-08-20,Synthetic prototype record
SYN-0392,,spiral binding,20,A4,,,copy paper,80.0,,,150.0,spiral binding,standard,delivery,0.0,2160.55,350.0,2596.97,Nugegoda,Synthetic rule-based generation calibrated to Sri Lankan public price references,2026-08-20,Synthetic prototype record
SYN-0393,,photocopy,1000,A4,,,copy paper,80.0,black and white,single-sided,1.0,none,standard,delivery,7243.97,0.0,350.0,7449.09,Kurunegala,Synthetic rule-based generation calibrated to Sri Lankan public price references,2026-08-20,Synthetic prototype record
SYN-0394,,photocopy,1000,A4,,,copy paper,80.0,black and white,double-sided,1.0,none,standard,self-collection,14453.65,0.0,0.0,15031.8,Dehiwala,Synthetic rule-based generation calibrated to Sri Lankan public price references,2026-08-20,Synthetic prototype record
SYN-0395,,document printout,1,A4,,,copy paper,80.0,full colour,single-sided,200.0,none,standard,delivery,6859.65,0.0,350.0,7278.25,Kandy,Synthetic rule-based generation calibrated to Sri Lankan public price references,2026-08-20,Synthetic prototype record
SYN-0396,,document printout,20,A4,,,copy paper,80.0,full colour,single-sided,5.0,none,urgent (1-2 days),delivery,3806.42,0.0,350.0,4788.28,Colombo,Synthetic rule-based generation calibrated to Sri Lankan public price references,2026-08-20,Synthetic prototype record
SYN-0397,,document printout,20,A4,,,colour paper,80.0,full colour,double-sided,100.0,none,standard,delivery,75160.24,0.0,350.0,74758.63,Kalutara,Synthetic rule-based generation calibrated to Sri Lankan public price references,2026-08-20,Synthetic prototype record
SYN-0398,,document printout,50,A4,,,copy paper,80.0,full colour,single-sided,100.0,none,urgent (1-2 days),delivery,161630.97,0.0,350.0,176366.13,Kalutara,Synthetic rule-based generation calibrated to Sri Lankan public price references,2026-08-20,Synthetic prototype record
SYN-0399,,photo printing,2,6R,,,gloss photo paper,260.0,full colour,single-sided,1.0,gloss finish,standard,self-collection,429.06,0.0,0.0,420.48,Kurunegala,Synthetic rule-based generation calibrated to Sri Lankan public price references,2026-08-20,Synthetic prototype record
SYN-0400,,document printout,2,A4,,,copy paper,80.0,black and white,double-sided,5.0,none,standard,self-collection,112.34,0.0,0.0,114.59,Maharagama,Synthetic rule-based generation calibrated to Sri Lankan public price references,2026-08-20,Synthetic prototype record
SYN-0401,,lamination,100,A4,,,laminating film,,,single-sided,1.0,cold lamination,standard,self-collection,0.0,2475.31,0.0,2574.33,Nugegoda,Synthetic rule-based generation calibrated to Sri Lankan public price references,2026-08-20,Synthetic prototype record
SYN-0402,,photocopy,500,A3,,,copy paper,80.0,full colour,double-sided,1.0,none,rush (same/next day),self-collection,32719.4,0.0,0.0,40833.81,Nugegoda,Synthetic rule-based generation calibrated to Sri Lankan public price references,2026-08-20,Synthetic prototype record
SYN-0403,,photo printing,50,5R,,,gloss photo paper,260.0,full colour,single-sided,1.0,gloss finish,rush (same/next day),delivery,5529.9,0.0,350.0,7052.24,Negombo,Synthetic rule-based generation calibrated to Sri Lankan public price references,2026-08-20,Synthetic prototype record
SYN-0404,,lamination,25,A4,,,laminating film,,,double-sided,1.0,cold lamination,urgent (1-2 days),self-collection,0.0,739.51,0.0,829.74,Maharagama,Synthetic rule-based generation calibrated to Sri Lankan public price references,2026-08-20,Synthetic prototype record
SYN-0405,,photocopy,500,Legal,,,copy paper,80.0,black and white,single-sided,1.0,none,urgent (1-2 days),island-wide courier,7675.13,0.0,650.0,9008.21,Galle,Synthetic rule-based generation calibrated to Sri Lankan public price references,2026-08-20,Synthetic prototype record
SYN-0406,,document printout,10,A4,,,copy paper,80.0,full colour,single-sided,50.0,none,urgent (1-2 days),self-collection,19819.33,0.0,0.0,21583.25,Kalutara,Synthetic rule-based generation calibrated to Sri Lankan public price references,2026-08-20,Synthetic prototype record
SYN-0407,,photo printing,50,8R,,,gloss photo paper,260.0,full colour,single-sided,1.0,gloss finish,rush (same/next day),self-collection,12565.86,0.0,0.0,15983.77,Colombo,Synthetic rule-based generation calibrated to Sri Lankan public price references,2026-08-20,Synthetic prototype record
SYN-0408,,spiral binding,10,A4,,,copy paper,80.0,,,300.0,spiral binding,standard,self-collection,0.0,1905.36,0.0,1867.25,Kurunegala,Synthetic rule-based generation calibrated to Sri Lankan public price references,2026-08-20,Synthetic prototype record
SYN-0409,,document printout,20,A4,,,copy paper,80.0,full colour,single-sided,200.0,none,standard,self-collection,128440.79,0.0,0.0,133578.42,Dehiwala,Synthetic rule-based generation calibrated to Sri Lankan public price references,2026-08-20,Synthetic prototype record
SYN-0410,,photocopy,100,A4,,,copy paper,80.0,black and white,single-sided,1.0,none,standard,self-collection,600.4,0.0,0.0,594.39,Kalutara,Synthetic rule-based generation calibrated to Sri Lankan public price references,2026-08-20,Synthetic prototype record
SYN-0411,,spiral binding,10,A4,,,copy paper,80.0,,,250.0,spiral binding,standard,island-wide courier,0.0,1778.24,650.0,2534.94,Colombo,Synthetic rule-based generation calibrated to Sri Lankan public price references,2026-08-20,Synthetic prototype record
SYN-0412,,spiral binding,3,A4,,,copy paper,80.0,,,50.0,spiral binding,urgent (1-2 days),delivery,0.0,254.39,350.0,629.82,Gampaha,Synthetic rule-based generation calibrated to Sri Lankan public price references,2026-08-20,Synthetic prototype record
SYN-0413,,photocopy,100,A4,,,copy paper,80.0,full colour,single-sided,1.0,none,rush (same/next day),self-collection,3932.24,0.0,0.0,4907.44,Nugegoda,Synthetic rule-based generation calibrated to Sri Lankan public price references,2026-08-20,Synthetic prototype record
SYN-0414,,spiral binding,1,B4,,,copy paper,80.0,,,300.0,spiral binding,standard,delivery,0.0,305.6,350.0,649.48,Kurunegala,Synthetic rule-based generation calibrated to Sri Lankan public price references,2026-08-20,Synthetic prototype record
SYN-0415,,photocopy,50,A4,,,copy paper,80.0,full colour,single-sided,1.0,none,standard,delivery,1280.45,0.0,350.0,1617.65,Galle,Synthetic rule-based generation calibrated to Sri Lankan public price references,2026-08-20,Synthetic prototype record
SYN-0416,,spiral binding,3,A4,,,copy paper,80.0,,,150.0,spiral binding,urgent (1-2 days),island-wide courier,0.0,376.95,650.0,1068.79,Negombo,Synthetic rule-based generation calibrated to Sri Lankan public price references,2026-08-20,Synthetic prototype record
SYN-0417,,document printout,2,A3,,,copy paper,80.0,black and white,double-sided,200.0,none,standard,delivery,6533.74,0.0,350.0,6949.07,Negombo,Synthetic rule-based generation calibrated to Sri Lankan public price references,2026-08-20,Synthetic prototype record
SYN-0418,,photocopy,50,A4,,,copy paper,80.0,black and white,single-sided,1.0,none,urgent (1-2 days),self-collection,409.47,0.0,0.0,468.43,Dehiwala,Synthetic rule-based generation calibrated to Sri Lankan public price references,2026-08-20,Synthetic prototype record
SYN-0419,,document printout,1,A4,,,copy paper,80.0,black and white,double-sided,50.0,none,standard,delivery,440.93,0.0,350.0,795.34,Negombo,Synthetic rule-based generation calibrated to Sri Lankan public price references,2026-08-20,Synthetic prototype record
SYN-0420,,photocopy,1,A4,,,copy paper,80.0,black and white,double-sided,1.0,none,standard,island-wide courier,9.08,0.0,650.0,658.98,Kalutara,Synthetic rule-based generation calibrated to Sri Lankan public price references,2026-08-20,Synthetic prototype record
SYN-0421,,lamination,250,4R,,,laminating film,,,single-sided,1.0,cold lamination,standard,self-collection,0.0,4328.22,0.0,4414.78,Maharagama,Synthetic rule-based generation calibrated to Sri Lankan public price references,2026-08-20,Synthetic prototype record
SYN-0422,,photocopy,5,A4,,,copy paper,80.0,black and white,single-sided,1.0,none,standard,self-collection,71.61,0.0,0.0,71.61,Gampaha,Synthetic rule-based generation calibrated to Sri Lankan public price references,2026-08-20,Synthetic prototype record
SYN-0423,,photocopy,50,A3,,,copy paper,80.0,full colour,single-sided,1.0,none,standard,island-wide courier,2215.16,0.0,650.0,2865.16,Gampaha,Synthetic rule-based generation calibrated to Sri Lankan public price references,2026-08-20,Synthetic prototype record
SYN-0424,,photo printing,12,8R,,,gloss photo paper,260.0,full colour,single-sided,1.0,gloss finish,urgent (1-2 days),island-wide courier,3663.38,0.0,650.0,4720.02,Kandy,Synthetic rule-based generation calibrated to Sri Lankan public price references,2026-08-20,Synthetic prototype record
SYN-0425,,photocopy,100,A4,,,copy paper,80.0,black and white,single-sided,1.0,none,standard,self-collection,644.69,0.0,0.0,670.48,Nugegoda,Synthetic rule-based generation calibrated to Sri Lankan public price references,2026-08-20,Synthetic prototype record
SYN-0426,,document printout,20,A4,,,colour paper,80.0,black and white,single-sided,5.0,none,standard,self-collection,1268.52,0.0,0.0,1293.89,Maharagama,Synthetic rule-based generation calibrated to Sri Lankan public price references,2026-08-20,Synthetic prototype record
SYN-0427,,photocopy,100,A3,,,copy paper,80.0,black and white,single-sided,1.0,none,standard,self-collection,1631.4,0.0,0.0,1664.02,Maharagama,Synthetic rule-based generation calibrated to Sri Lankan public price references,2026-08-20,Synthetic prototype record
SYN-0428,,document printout,1,A4,,,colour paper,80.0,black and white,single-sided,2.0,none,urgent (1-2 days),delivery,23.07,0.0,350.0,375.89,Maharagama,Synthetic rule-based generation calibrated to Sri Lankan public price references,2026-08-20,Synthetic prototype record
SYN-0429,,photocopy,1000,A4,,,copy paper,80.0,black and white,single-sided,1.0,none,standard,self-collection,5259.76,0.0,0.0,5312.35,Kandy,Synthetic rule-based generation calibrated to Sri Lankan public price references,2026-08-20,Synthetic prototype record
SYN-0430,,lamination,50,A5,,,laminating film,,,double-sided,1.0,cold lamination,standard,delivery,0.0,1333.11,350.0,1683.11,Gampaha,Synthetic rule-based generation calibrated to Sri Lankan public price references,2026-08-20,Synthetic prototype record
SYN-0431,,photocopy,20,A5,,,copy paper,80.0,black and white,single-sided,1.0,none,standard,island-wide courier,158.61,0.0,650.0,811.78,Maharagama,Synthetic rule-based generation calibrated to Sri Lankan public price references,2026-08-20,Synthetic prototype record
SYN-0432,,photocopy,250,A4,,,copy paper,80.0,black and white,single-sided,1.0,none,standard,self-collection,2137.52,0.0,0.0,2223.02,Nugegoda,Synthetic rule-based generation calibrated to Sri Lankan public price references,2026-08-20,Synthetic prototype record
SYN-0433,,document printout,50,A3,,,copy paper,80.0,full colour,double-sided,50.0,none,standard,self-collection,129278.43,0.0,0.0,131864.0,Maharagama,Synthetic rule-based generation calibrated to Sri Lankan public price references,2026-08-20,Synthetic prototype record
SYN-0434,,photocopy,20,A4,,,copy paper,80.0,black and white,double-sided,1.0,none,urgent (1-2 days),island-wide courier,412.51,0.0,650.0,1108.3,Kandy,Synthetic rule-based generation calibrated to Sri Lankan public price references,2026-08-20,Synthetic prototype record
SYN-0435,,document printout,2,Legal,,,copy paper,80.0,black and white,double-sided,200.0,none,standard,island-wide courier,4098.17,0.0,650.0,4789.15,Negombo,Synthetic rule-based generation calibrated to Sri Lankan public price references,2026-08-20,Synthetic prototype record
SYN-0436,,lamination,1,A4,,,laminating film,,,double-sided,1.0,lamination,standard,delivery,0.0,34.48,350.0,383.79,Kurunegala,Synthetic rule-based generation calibrated to Sri Lankan public price references,2026-08-20,Synthetic prototype record
SYN-0437,,photocopy,50,A3,,,copy paper,80.0,full colour,single-sided,1.0,none,standard,self-collection,2993.92,0.0,0.0,3113.67,Dehiwala,Synthetic rule-based generation calibrated to Sri Lankan public price references,2026-08-20,Synthetic prototype record
SYN-0438,,photocopy,1000,A4,,,copy paper,80.0,black and white,double-sided,1.0,none,rush (same/next day),self-collection,14272.87,0.0,0.0,17298.71,Kandy,Synthetic rule-based generation calibrated to Sri Lankan public price references,2026-08-20,Synthetic prototype record
SYN-0439,,photo printing,12,8R,,,gloss photo paper,260.0,full colour,single-sided,1.0,gloss finish,standard,delivery,3461.26,0.0,350.0,4018.94,Colombo,Synthetic rule-based generation calibrated to Sri Lankan public price references,2026-08-20,Synthetic prototype record
SYN-0440,,document printout,10,A4,,,copy paper,80.0,black and white,single-sided,5.0,none,urgent (1-2 days),self-collection,487.86,0.0,0.0,558.11,Dehiwala,Synthetic rule-based generation calibrated to Sri Lankan public price references,2026-08-20,Synthetic prototype record
SYN-0441,,document printout,20,A3,,,copy paper,80.0,black and white,double-sided,200.0,none,standard,delivery,76081.56,0.0,350.0,77192.37,Negombo,Synthetic rule-based generation calibrated to Sri Lankan public price references,2026-08-20,Synthetic prototype record
SYN-0442,,spiral binding,20,A4,,,copy paper,80.0,,,50.0,spiral binding,standard,delivery,0.0,1425.35,350.0,1832.37,Dehiwala,Synthetic rule-based generation calibrated to Sri Lankan public price references,2026-08-20,Synthetic prototype record
SYN-0443,,document printout,20,A4,,,colour paper,80.0,full colour,single-sided,100.0,none,standard,self-collection,48248.45,0.0,0.0,51143.35,Colombo,Synthetic rule-based generation calibrated to Sri Lankan public price references,2026-08-20,Synthetic prototype record
SYN-0444,,lamination,100,A3,,,laminating film,,,double-sided,1.0,cold lamination,standard,self-collection,0.0,5630.13,0.0,5686.44,Kandy,Synthetic rule-based generation calibrated to Sri Lankan public price references,2026-08-20,Synthetic prototype record
SYN-0445,,document printout,10,Legal,,,copy paper,80.0,black and white,single-sided,50.0,none,standard,self-collection,6582.64,0.0,0.0,6450.98,Kurunegala,Synthetic rule-based generation calibrated to Sri Lankan public price references,2026-08-20,Synthetic prototype record
SYN-0446,,photocopy,50,A4,,,copy paper,80.0,full colour,single-sided,1.0,none,urgent (1-2 days),self-collection,1332.92,0.0,0.0,1451.55,Galle,Synthetic rule-based generation calibrated to Sri Lankan public price references,2026-08-20,Synthetic prototype record
SYN-0447,,document printout,50,A4,,,copy paper,80.0,black and white,single-sided,20.0,none,rush (same/next day),delivery,8965.13,0.0,350.0,11000.57,Kalutara,Synthetic rule-based generation calibrated to Sri Lankan public price references,2026-08-20,Synthetic prototype record
SYN-0448,,photocopy,5,A4,,,copy paper,80.0,black and white,single-sided,1.0,none,urgent (1-2 days),self-collection,51.53,0.0,0.0,56.12,Galle,Synthetic rule-based generation calibrated to Sri Lankan public price references,2026-08-20,Synthetic prototype record
SYN-0449,,lamination,5,A4,,,laminating film,,,double-sided,1.0,cold lamination,standard,self-collection,0.0,147.33,0.0,150.28,Maharagama,Synthetic rule-based generation calibrated to Sri Lankan public price references,2026-08-20,Synthetic prototype record
SYN-0450,,document printout,50,A4,,,copy paper,80.0,full colour,single-sided,200.0,none,standard,island-wide courier,376727.46,0.0,650.0,381144.73,Negombo,Synthetic rule-based generation calibrated to Sri Lankan public price references,2026-08-20,Synthetic prototype record
SYN-0451,,document printout,2,A4,,,copy paper,80.0,black and white,double-sided,20.0,none,urgent (1-2 days),delivery,455.44,0.0,350.0,861.0,Maharagama,Synthetic rule-based generation calibrated to Sri Lankan public price references,2026-08-20,Synthetic prototype record
SYN-0452,,photo printing,5,5R,,,matte photo paper,230.0,full colour,single-sided,1.0,matte finish,urgent (1-2 days),self-collection,993.21,0.0,0.0,1103.46,Negombo,Synthetic rule-based generation calibrated to Sri Lankan public price references,2026-08-20,Synthetic prototype record
SYN-0453,,photo printing,10,10R,,,gloss photo paper,230.0,full colour,single-sided,1.0,gloss finish,standard,island-wide courier,6116.21,0.0,650.0,6705.05,Kalutara,Synthetic rule-based generation calibrated to Sri Lankan public price references,2026-08-20,Synthetic prototype record
SYN-0454,,document printout,2,A4,,,copy paper,80.0,full colour,single-sided,200.0,none,standard,self-collection,14296.24,0.0,0.0,14439.21,Kandy,Synthetic rule-based generation calibrated to Sri Lankan public price references,2026-08-20,Synthetic prototype record
SYN-0455,,document printout,2,A4,,,copy paper,80.0,black and white,single-sided,5.0,none,standard,self-collection,108.39,0.0,0.0,109.47,Negombo,Synthetic rule-based generation calibrated to Sri Lankan public price references,2026-08-20,Synthetic prototype record
SYN-0456,,document printout,2,A4,,,colour paper,80.0,black and white,double-sided,1.0,none,standard,delivery,22.67,0.0,350.0,373.58,Dehiwala,Synthetic rule-based generation calibrated to Sri Lankan public price references,2026-08-20,Synthetic prototype record
SYN-0457,,photocopy,5,A4,,,copy paper,80.0,black and white,single-sided,1.0,none,urgent (1-2 days),delivery,72.05,0.0,350.0,427.67,Kurunegala,Synthetic rule-based generation calibrated to Sri Lankan public price references,2026-08-20,Synthetic prototype record
SYN-0458,,document printout,2,Legal,,,colour paper,80.0,black and white,single-sided,10.0,none,rush (same/next day),delivery,298.39,0.0,350.0,715.23,Maharagama,Synthetic rule-based generation calibrated to Sri Lankan public price references,2026-08-20,Synthetic prototype record
SYN-0459,,lamination,10,A5,,,laminating film,,,double-sided,1.0,cold lamination,standard,delivery,0.0,260.67,350.0,615.88,Maharagama,Synthetic rule-based generation calibrated to Sri Lankan public price references,2026-08-20,Synthetic prototype record
SYN-0460,,photo printing,2,4R,,,gloss photo paper,230.0,full colour,single-sided,1.0,gloss finish,standard,delivery,224.31,0.0,350.0,576.55,Kandy,Synthetic rule-based generation calibrated to Sri Lankan public price references,2026-08-20,Synthetic prototype record
SYN-0461,,photocopy,20,A3,,,copy paper,80.0,black and white,double-sided,1.0,none,standard,self-collection,566.71,0.0,0.0,572.37,Kandy,Synthetic rule-based generation calibrated to Sri Lankan public price references,2026-08-20,Synthetic prototype record
SYN-0462,,document printout,50,A3,,,copy paper,80.0,black and white,double-sided,20.0,none,standard,delivery,18341.08,0.0,350.0,19791.54,Colombo,Synthetic rule-based generation calibrated to Sri Lankan public price references,2026-08-20,Synthetic prototype record
SYN-0463,,photo printing,2,10x15,,,gloss photo paper,260.0,full colour,single-sided,1.0,gloss finish,urgent (1-2 days),island-wide courier,1614.28,0.0,650.0,2443.47,Kandy,Synthetic rule-based generation calibrated to Sri Lankan public price references,2026-08-20,Synthetic prototype record
SYN-0464,,photo printing,12,10x15,,,gloss photo paper,260.0,full colour,single-sided,1.0,gloss finish,standard,delivery,8589.5,0.0,350.0,9111.29,Maharagama,Synthetic rule-based generation calibrated to Sri Lankan public price references,2026-08-20,Synthetic prototype record
SYN-0465,,photocopy,1000,A4,,,copy paper,80.0,black and white,double-sided,1.0,none,standard,delivery,16978.11,0.0,350.0,16988.54,Kurunegala,Synthetic rule-based generation calibrated to Sri Lankan public price references,2026-08-20,Synthetic prototype record
SYN-0466,,document printout,2,A4,,,copy paper,80.0,black and white,single-sided,10.0,none,urgent (1-2 days),self-collection,257.52,0.0,0.0,300.27,Colombo,Synthetic rule-based generation calibrated to Sri Lankan public price references,2026-08-20,Synthetic prototype record
SYN-0467,,photo printing,1,4R,,,gloss photo paper,230.0,full colour,single-sided,1.0,gloss finish,standard,self-collection,119.64,0.0,0.0,126.81,Colombo,Synthetic rule-based generation calibrated to Sri Lankan public price references,2026-08-20,Synthetic prototype record
SYN-0468,,photocopy,20,A5,,,copy paper,80.0,full colour,single-sided,1.0,none,urgent (1-2 days),delivery,762.59,0.0,350.0,1180.47,Galle,Synthetic rule-based generation calibrated to Sri Lankan public price references,2026-08-20,Synthetic prototype record
SYN-0469,,lamination,50,A4,,,laminating film,,,double-sided,1.0,cold lamination,standard,self-collection,0.0,1658.56,0.0,1675.14,Negombo,Synthetic rule-based generation calibrated to Sri Lankan public price references,2026-08-20,Synthetic prototype record
SYN-0470,,spiral binding,2,B4,,,copy paper,80.0,,,300.0,spiral binding,rush (same/next day),island-wide courier,0.0,620.03,650.0,1438.67,Colombo,Synthetic rule-based generation calibrated to Sri Lankan public price references,2026-08-20,Synthetic prototype record
SYN-0471,,document printout,20,A3,,,copy paper,80.0,black and white,single-sided,50.0,none,urgent (1-2 days),self-collection,19004.01,0.0,0.0,20695.36,Galle,Synthetic rule-based generation calibrated to Sri Lankan public price references,2026-08-20,Synthetic prototype record
SYN-0472,,photocopy,500,Legal,,,copy paper,80.0,black and white,double-sided,1.0,none,standard,self-collection,8548.11,0.0,0.0,8462.63,Galle,Synthetic rule-based generation calibrated to Sri Lankan public price references,2026-08-20,Synthetic prototype record
SYN-0473,,photo printing,12,4R,,,matte photo paper,230.0,full colour,single-sided,1.0,matte finish,standard,delivery,783.19,0.0,350.0,1141.02,Negombo,Synthetic rule-based generation calibrated to Sri Lankan public price references,2026-08-20,Synthetic prototype record
SYN-0474,,photocopy,1000,A4,,,copy paper,80.0,black and white,double-sided,1.0,none,rush (same/next day),island-wide courier,11049.79,0.0,650.0,13777.15,Galle,Synthetic rule-based generation calibrated to Sri Lankan public price references,2026-08-20,Synthetic prototype record
SYN-0475,,spiral binding,5,B4,,,copy paper,80.0,,,100.0,spiral binding,rush (same/next day),self-collection,0.0,767.92,0.0,930.72,Negombo,Synthetic rule-based generation calibrated to Sri Lankan public price references,2026-08-20,Synthetic prototype record
SYN-0476,,photocopy,500,A4,,,copy paper,80.0,black and white,single-sided,1.0,none,standard,delivery,4353.55,0.0,350.0,4877.7,Nugegoda,Synthetic rule-based generation calibrated to Sri Lankan public price references,2026-08-20,Synthetic prototype record
SYN-0477,,document printout,5,A4,,,copy paper,80.0,black and white,single-sided,10.0,none,standard,self-collection,484.12,0.0,0.0,474.44,Kurunegala,Synthetic rule-based generation calibrated to Sri Lankan public price references,2026-08-20,Synthetic prototype record
SYN-0478,,document printout,2,A4,,,copy paper,80.0,black and white,double-sided,10.0,none,standard,delivery,234.84,0.0,350.0,582.49,Kalutara,Synthetic rule-based generation calibrated to Sri Lankan public price references,2026-08-20,Synthetic prototype record
SYN-0479,,lamination,250,A4,,,laminating film,,,double-sided,1.0,cold lamination,standard,island-wide courier,0.0,6524.6,650.0,7305.09,Maharagama,Synthetic rule-based generation calibrated to Sri Lankan public price references,2026-08-20,Synthetic prototype record
SYN-0480,,photo printing,1,6R,,,matte photo paper,230.0,full colour,single-sided,1.0,matte finish,urgent (1-2 days),self-collection,267.94,0.0,0.0,312.42,Colombo,Synthetic rule-based generation calibrated to Sri Lankan public price references,2026-08-20,Synthetic prototype record
SYN-0481,,lamination,2,A5,,,laminating film,,,single-sided,1.0,lamination,standard,delivery,0.0,42.06,350.0,394.58,Colombo,Synthetic rule-based generation calibrated to Sri Lankan public price references,2026-08-20,Synthetic prototype record
SYN-0482,,photo printing,50,4R,,,gloss photo paper,260.0,full colour,single-sided,1.0,gloss finish,urgent (1-2 days),self-collection,3074.87,0.0,0.0,3450.0,Maharagama,Synthetic rule-based generation calibrated to Sri Lankan public price references,2026-08-20,Synthetic prototype record
SYN-0483,,photocopy,250,A5,,,copy paper,80.0,full colour,single-sided,1.0,none,standard,delivery,3745.19,0.0,350.0,4132.65,Kandy,Synthetic rule-based generation calibrated to Sri Lankan public price references,2026-08-20,Synthetic prototype record
SYN-0484,,spiral binding,3,A4,,,copy paper,80.0,,,200.0,spiral binding,standard,island-wide courier,0.0,492.25,650.0,1161.94,Nugegoda,Synthetic rule-based generation calibrated to Sri Lankan public price references,2026-08-20,Synthetic prototype record
SYN-0485,,photocopy,5,A3,,,copy paper,80.0,full colour,double-sided,1.0,none,standard,delivery,339.42,0.0,350.0,696.21,Maharagama,Synthetic rule-based generation calibrated to Sri Lankan public price references,2026-08-20,Synthetic prototype record
SYN-0486,,photocopy,500,A5,,,copy paper,80.0,black and white,single-sided,1.0,none,urgent (1-2 days),island-wide courier,4768.38,0.0,650.0,5895.22,Gampaha,Synthetic rule-based generation calibrated to Sri Lankan public price references,2026-08-20,Synthetic prototype record
SYN-0487,,photocopy,500,A4,,,copy paper,80.0,full colour,single-sided,1.0,none,standard,self-collection,11516.93,0.0,0.0,11747.27,Maharagama,Synthetic rule-based generation calibrated to Sri Lankan public price references,2026-08-20,Synthetic prototype record
SYN-0488,,document printout,2,A3,,,copy paper,80.0,full colour,single-sided,5.0,none,standard,delivery,580.04,0.0,350.0,924.24,Galle,Synthetic rule-based generation calibrated to Sri Lankan public price references,2026-08-20,Synthetic prototype record
SYN-0489,,photo printing,12,5R,,,matte photo paper,230.0,full colour,single-sided,1.0,matte finish,standard,self-collection,1567.99,0.0,0.0,1552.31,Kalutara,Synthetic rule-based generation calibrated to Sri Lankan public price references,2026-08-20,Synthetic prototype record
SYN-0490,,photocopy,250,Legal,,,copy paper,80.0,black and white,single-sided,1.0,none,standard,self-collection,3610.62,0.0,0.0,3755.04,Nugegoda,Synthetic rule-based generation calibrated to Sri Lankan public price references,2026-08-20,Synthetic prototype record
SYN-0491,,document printout,50,A4,,,copy paper,80.0,black and white,double-sided,100.0,none,standard,delivery,37026.96,0.0,350.0,37747.23,Kandy,Synthetic rule-based generation calibrated to Sri Lankan public price references,2026-08-20,Synthetic prototype record
SYN-0492,,lamination,50,A4,,,laminating film,,,single-sided,1.0,lamination,urgent (1-2 days),self-collection,0.0,1369.07,0.0,1490.92,Kalutara,Synthetic rule-based generation calibrated to Sri Lankan public price references,2026-08-20,Synthetic prototype record
SYN-0493,,photocopy,500,A4,,,copy paper,80.0,black and white,single-sided,1.0,none,standard,self-collection,2750.31,0.0,0.0,2805.32,Maharagama,Synthetic rule-based generation calibrated to Sri Lankan public price references,2026-08-20,Synthetic prototype record
SYN-0494,,spiral binding,1,A4,,,copy paper,80.0,,,150.0,spiral binding,rush (same/next day),island-wide courier,0.0,133.36,650.0,813.23,Maharagama,Synthetic rule-based generation calibrated to Sri Lankan public price references,2026-08-20,Synthetic prototype record
SYN-0495,,document printout,50,A4,,,copy paper,80.0,black and white,single-sided,100.0,none,standard,self-collection,40570.12,0.0,0.0,39758.72,Kurunegala,Synthetic rule-based generation calibrated to Sri Lankan public price references,2026-08-20,Synthetic prototype record
SYN-0496,,document printout,2,A4,,,copy paper,80.0,black and white,single-sided,200.0,none,urgent (1-2 days),self-collection,4869.1,0.0,0.0,5302.45,Kalutara,Synthetic rule-based generation calibrated to Sri Lankan public price references,2026-08-20,Synthetic prototype record
SYN-0497,,document printout,5,A5,,,copy paper,80.0,full colour,double-sided,100.0,none,standard,self-collection,10237.17,0.0,0.0,10134.8,Galle,Synthetic rule-based generation calibrated to Sri Lankan public price references,2026-08-20,Synthetic prototype record
SYN-0498,,photo printing,10,8R,,,gloss photo paper,230.0,full colour,single-sided,1.0,gloss finish,urgent (1-2 days),self-collection,3014.96,0.0,0.0,3250.13,Kurunegala,Synthetic rule-based generation calibrated to Sri Lankan public price references,2026-08-20,Synthetic prototype record
SYN-0499,,photo printing,6,6R,,,gloss photo paper,230.0,full colour,single-sided,1.0,gloss finish,rush (same/next day),self-collection,1416.29,0.0,0.0,1767.54,Nugegoda,Synthetic rule-based generation calibrated to Sri Lankan public price references,2026-08-20,Synthetic prototype record
SYN-0500,,photocopy,5,A5,,,copy paper,80.0,full colour,single-sided,1.0,none,standard,delivery,136.26,0.0,350.0,483.53,Kurunegala,Synthetic rule-based generation calibrated to Sri Lankan public price references,2026-08-20,Synthetic prototype record
SYN-0501,,document printout,10,A4,,,copy paper,80.0,black and white,single-sided,2.0,none,standard,delivery,272.24,0.0,350.0,624.96,Negombo,Synthetic rule-based generation calibrated to Sri Lankan public price references,2026-08-20,Synthetic prototype record
SYN-0502,,lamination,2,A4,,,laminating film,,,single-sided,1.0,cold lamination,standard,island-wide courier,0.0,54.64,650.0,706.83,Dehiwala,Synthetic rule-based generation calibrated to Sri Lankan public price references,2026-08-20,Synthetic prototype record
SYN-0503,,lamination,50,4R,,,laminating film,,,double-sided,1.0,lamination,standard,self-collection,0.0,954.12,0.0,944.57,Galle,Synthetic rule-based generation calibrated to Sri Lankan public price references,2026-08-20,Synthetic prototype record
SYN-0504,,lamination,10,A4,,,laminating film,,,single-sided,1.0,cold lamination,rush (same/next day),self-collection,0.0,271.8,0.0,322.89,Kalutara,Synthetic rule-based generation calibrated to Sri Lankan public price references,2026-08-20,Synthetic prototype record
SYN-0505,,document printout,1,A5,,,copy paper,80.0,full colour,single-sided,2.0,none,standard,self-collection,69.92,0.0,0.0,71.32,Maharagama,Synthetic rule-based generation calibrated to Sri Lankan public price references,2026-08-20,Synthetic prototype record
SYN-0506,,lamination,250,A4,,,laminating film,,,single-sided,1.0,cold lamination,urgent (1-2 days),delivery,0.0,6077.23,350.0,7436.06,Colombo,Synthetic rule-based generation calibrated to Sri Lankan public price references,2026-08-20,Synthetic prototype record
SYN-0507,,spiral binding,20,A4,,,copy paper,80.0,,,100.0,spiral binding,standard,island-wide courier,0.0,1859.02,650.0,2490.43,Kalutara,Synthetic rule-based generation calibrated to Sri Lankan public price references,2026-08-20,Synthetic prototype record
SYN-0508,,spiral binding,20,A4,,,copy paper,80.0,,,100.0,spiral binding,standard,delivery,0.0,1887.47,350.0,2256.35,Negombo,Synthetic rule-based generation calibrated to Sri Lankan public price references,2026-08-20,Synthetic prototype record
SYN-0509,,document printout,10,A4,,,copy paper,80.0,black and white,single-sided,100.0,none,standard,island-wide courier,10468.25,0.0,650.0,11536.98,Dehiwala,Synthetic rule-based generation calibrated to Sri Lankan public price references,2026-08-20,Synthetic prototype record
SYN-0510,,document printout,2,A4,,,colour paper,80.0,full colour,single-sided,200.0,none,standard,self-collection,12453.98,0.0,0.0,12578.52,Negombo,Synthetic rule-based generation calibrated to Sri Lankan public price references,2026-08-20,Synthetic prototype record
SYN-0511,,document printout,10,A5,,,copy paper,80.0,full colour,single-sided,5.0,none,standard,self-collection,1027.73,0.0,0.0,1038.01,Kandy,Synthetic rule-based generation calibrated to Sri Lankan public price references,2026-08-20,Synthetic prototype record
SYN-0512,,photocopy,10,A4,,,copy paper,80.0,black and white,single-sided,1.0,none,standard,self-collection,91.43,0.0,0.0,92.34,Kandy,Synthetic rule-based generation calibrated to Sri Lankan public price references,2026-08-20,Synthetic prototype record
SYN-0513,,photo printing,5,6R,,,gloss photo paper,230.0,full colour,single-sided,1.0,gloss finish,standard,delivery,1101.77,0.0,350.0,1495.85,Nugegoda,Synthetic rule-based generation calibrated to Sri Lankan public price references,2026-08-20,Synthetic prototype record
SYN-0514,,document printout,2,Legal,,,copy paper,80.0,black and white,single-sided,100.0,none,standard,self-collection,2608.88,0.0,0.0,2713.24,Nugegoda,Synthetic rule-based generation calibrated to Sri Lankan public price references,2026-08-20,Synthetic prototype record
SYN-0515,,spiral binding,2,A4,,,copy paper,80.0,,,150.0,spiral binding,standard,self-collection,0.0,245.93,0.0,241.01,Kurunegala,Synthetic rule-based generation calibrated to Sri Lankan public price references,2026-08-20,Synthetic prototype record
SYN-0516,,spiral binding,5,A4,,,copy paper,80.0,,,250.0,spiral binding,urgent (1-2 days),delivery,0.0,879.23,350.0,1297.81,Kurunegala,Synthetic rule-based generation calibrated to Sri Lankan public price references,2026-08-20,Synthetic prototype record
SYN-0517,,document printout,1,A4,,,copy paper,80.0,full colour,single-sided,200.0,none,urgent (1-2 days),self-collection,7925.81,0.0,0.0,8544.03,Kurunegala,Synthetic rule-based generation calibrated to Sri Lankan public price references,2026-08-20,Synthetic prototype record
SYN-0518,,document printout,1,A5,,,copy paper,80.0,black and white,double-sided,200.0,none,urgent (1-2 days),delivery,1752.69,0.0,350.0,2258.67,Kalutara,Synthetic rule-based generation calibrated to Sri Lankan public price references,2026-08-20,Synthetic prototype record
SYN-0519,,photocopy,10,A5,,,copy paper,80.0,full colour,double-sided,1.0,none,standard,self-collection,437.51,0.0,0.0,455.01,Dehiwala,Synthetic rule-based generation calibrated to Sri Lankan public price references,2026-08-20,Synthetic prototype record
SYN-0520,,photocopy,50,Legal,,,copy paper,80.0,black and white,double-sided,1.0,none,rush (same/next day),island-wide courier,1191.86,0.0,650.0,2094.53,Negombo,Synthetic rule-based generation calibrated to Sri Lankan public price references,2026-08-20,Synthetic prototype record
SYN-0521,,lamination,5,A4,,,laminating film,,,double-sided,1.0,lamination,standard,delivery,0.0,170.31,350.0,527.12,Nugegoda,Synthetic rule-based generation calibrated to Sri Lankan public price references,2026-08-20,Synthetic prototype record
SYN-0522,,document printout,10,A3,,,copy paper,80.0,full colour,single-sided,2.0,none,standard,self-collection,1267.88,0.0,0.0,1255.2,Kalutara,Synthetic rule-based generation calibrated to Sri Lankan public price references,2026-08-20,Synthetic prototype record
SYN-0523,,photocopy,5,A3,,,copy paper,80.0,black and white,single-sided,1.0,none,urgent (1-2 days),self-collection,91.9,0.0,0.0,101.09,Gampaha,Synthetic rule-based generation calibrated to Sri Lankan public price references,2026-08-20,Synthetic prototype record
SYN-0524,,spiral binding,5,A4,,,copy paper,80.0,,,150.0,spiral binding,standard,self-collection,0.0,601.73,0.0,613.76,Maharagama,Synthetic rule-based generation calibrated to Sri Lankan public price references,2026-08-20,Synthetic prototype record
SYN-0525,,spiral binding,20,A4,,,copy paper,80.0,,,50.0,spiral binding,standard,island-wide courier,0.0,1503.25,650.0,2213.38,Nugegoda,Synthetic rule-based generation calibrated to Sri Lankan public price references,2026-08-20,Synthetic prototype record
SYN-0526,,document printout,1,A4,,,copy paper,80.0,full colour,single-sided,100.0,none,standard,self-collection,2683.39,0.0,0.0,2629.72,Kurunegala,Synthetic rule-based generation calibrated to Sri Lankan public price references,2026-08-20,Synthetic prototype record
SYN-0527,,document printout,50,A4,,,copy paper,80.0,black and white,double-sided,5.0,none,urgent (1-2 days),self-collection,2381.62,0.0,0.0,2619.78,Gampaha,Synthetic rule-based generation calibrated to Sri Lankan public price references,2026-08-20,Synthetic prototype record
SYN-0528,,photocopy,20,A4,,,copy paper,80.0,black and white,single-sided,1.0,none,rush (same/next day),self-collection,175.66,0.0,0.0,210.79,Gampaha,Synthetic rule-based generation calibrated to Sri Lankan public price references,2026-08-20,Synthetic prototype record
SYN-0529,,document printout,2,A4,,,copy paper,80.0,full colour,single-sided,100.0,none,urgent (1-2 days),delivery,5972.78,0.0,350.0,6985.76,Negombo,Synthetic rule-based generation calibrated to Sri Lankan public price references,2026-08-20,Synthetic prototype record
SYN-0530,,lamination,5,A4,,,laminating film,,,double-sided,1.0,cold lamination,standard,self-collection,0.0,161.8,0.0,168.27,Nugegoda,Synthetic rule-based generation calibrated to Sri Lankan public price references,2026-08-20,Synthetic prototype record
SYN-0531,,photocopy,250,A3,,,copy paper,80.0,black and white,single-sided,1.0,none,urgent (1-2 days),self-collection,6090.74,0.0,0.0,6766.82,Kandy,Synthetic rule-based generation calibrated to Sri Lankan public price references,2026-08-20,Synthetic prototype record
SYN-0532,,document printout,10,A5,,,copy paper,80.0,black and white,double-sided,50.0,none,standard,island-wide courier,3793.01,0.0,650.0,4594.73,Dehiwala,Synthetic rule-based generation calibrated to Sri Lankan public price references,2026-08-20,Synthetic prototype record
SYN-0533,,spiral binding,20,A4,,,copy paper,80.0,,,150.0,spiral binding,urgent (1-2 days),self-collection,0.0,2342.34,0.0,2550.81,Galle,Synthetic rule-based generation calibrated to Sri Lankan public price references,2026-08-20,Synthetic prototype record
SYN-0534,,spiral binding,2,A4,,,copy paper,80.0,,,200.0,spiral binding,standard,island-wide courier,0.0,295.85,650.0,957.68,Dehiwala,Synthetic rule-based generation calibrated to Sri Lankan public price references,2026-08-20,Synthetic prototype record
SYN-0535,,photo printing,12,4R,,,matte photo paper,260.0,full colour,single-sided,1.0,matte finish,urgent (1-2 days),island-wide courier,822.51,0.0,650.0,1563.81,Kandy,Synthetic rule-based generation calibrated to Sri Lankan public price references,2026-08-20,Synthetic prototype record
SYN-0536,,photocopy,5,A4,,,copy paper,80.0,black and white,double-sided,1.0,none,standard,self-collection,112.01,0.0,0.0,109.77,Kurunegala,Synthetic rule-based generation calibrated to Sri Lankan public price references,2026-08-20,Synthetic prototype record
SYN-0537,,document printout,10,A3,,,copy paper,80.0,black and white,single-sided,2.0,none,rush (same/next day),self-collection,387.2,0.0,0.0,459.99,Galle,Synthetic rule-based generation calibrated to Sri Lankan public price references,2026-08-20,Synthetic prototype record
SYN-0538,,document printout,50,A4,,,copy paper,80.0,black and white,double-sided,2.0,none,standard,delivery,921.13,0.0,350.0,1280.35,Negombo,Synthetic rule-based generation calibrated to Sri Lankan public price references,2026-08-20,Synthetic prototype record
SYN-0539,,document printout,50,A4,,,copy paper,80.0,full colour,double-sided,5.0,none,standard,delivery,9982.19,0.0,350.0,10531.83,Maharagama,Synthetic rule-based generation calibrated to Sri Lankan public price references,2026-08-20,Synthetic prototype record
SYN-0540,,photocopy,10,A5,,,copy paper,80.0,full colour,double-sided,1.0,none,urgent (1-2 days),self-collection,283.8,0.0,0.0,309.06,Kalutara,Synthetic rule-based generation calibrated to Sri Lankan public price references,2026-08-20,Synthetic prototype record
SYN-0541,,photocopy,5,A4,,,copy paper,80.0,black and white,single-sided,1.0,none,standard,self-collection,69.1,0.0,0.0,69.79,Kandy,Synthetic rule-based generation calibrated to Sri Lankan public price references,2026-08-20,Synthetic prototype record
SYN-0542,,photo printing,2,4R,,,gloss photo paper,230.0,full colour,single-sided,1.0,gloss finish,standard,self-collection,233.78,0.0,0.0,247.81,Colombo,Synthetic rule-based generation calibrated to Sri Lankan public price references,2026-08-20,Synthetic prototype record
SYN-0543,,photo printing,5,10R,,,matte photo paper,260.0,full colour,single-sided,1.0,matte finish,standard,delivery,2881.4,0.0,350.0,3202.58,Galle,Synthetic rule-based generation calibrated to Sri Lankan public price references,2026-08-20,Synthetic prototype record
SYN-0544,,spiral binding,10,A4,,,copy paper,80.0,,,150.0,spiral binding,standard,delivery,0.0,1234.92,350.0,1659.02,Colombo,Synthetic rule-based generation calibrated to Sri Lankan public price references,2026-08-20,Synthetic prototype record
SYN-0545,,photo printing,2,10R,,,matte photo paper,260.0,full colour,single-sided,1.0,matte finish,standard,self-collection,1171.0,0.0,0.0,1194.42,Maharagama,Synthetic rule-based generation calibrated to Sri Lankan public price references,2026-08-20,Synthetic prototype record
SYN-0546,,document printout,5,A4,,,copy paper,80.0,black and white,single-sided,10.0,none,urgent (1-2 days),self-collection,495.29,0.0,0.0,555.71,Maharagama,Synthetic rule-based generation calibrated to Sri Lankan public price references,2026-08-20,Synthetic prototype record
SYN-0547,,photo printing,1,4R,,,gloss photo paper,230.0,full colour,single-sided,1.0,gloss finish,urgent (1-2 days),self-collection,128.72,0.0,0.0,150.08,Colombo,Synthetic rule-based generation calibrated to Sri Lankan public price references,2026-08-20,Synthetic prototype record
SYN-0548,,lamination,2,A4,,,laminating film,,,double-sided,1.0,cold lamination,urgent (1-2 days),self-collection,0.0,61.75,0.0,68.6,Kandy,Synthetic rule-based generation calibrated to Sri Lankan public price references,2026-08-20,Synthetic prototype record
SYN-0549,,photo printing,20,8R,,,gloss photo paper,230.0,full colour,single-sided,1.0,gloss finish,standard,delivery,5553.45,0.0,350.0,6014.52,Maharagama,Synthetic rule-based generation calibrated to Sri Lankan public price references,2026-08-20,Synthetic prototype record
SYN-0550,,lamination,1,A4,,,laminating film,,,double-sided,1.0,lamination,rush (same/next day),self-collection,0.0,29.45,0.0,34.98,Kalutara,Synthetic rule-based generation calibrated to Sri Lankan public price references,2026-08-20,Synthetic prototype record
SYN-0551,,lamination,50,A4,,,laminating film,,,single-sided,1.0,cold lamination,standard,self-collection,0.0,1369.26,0.0,1424.03,Dehiwala,Synthetic rule-based generation calibrated to Sri Lankan public price references,2026-08-20,Synthetic prototype record
SYN-0552,,document printout,10,A4,,,copy paper,80.0,full colour,single-sided,2.0,none,standard,delivery,627.79,0.0,350.0,977.79,Gampaha,Synthetic rule-based generation calibrated to Sri Lankan public price references,2026-08-20,Synthetic prototype record
SYN-0553,,spiral binding,20,A4,,,copy paper,80.0,,,250.0,spiral binding,standard,delivery,0.0,3387.47,350.0,3703.6,Kalutara,Synthetic rule-based generation calibrated to Sri Lankan public price references,2026-08-20,Synthetic prototype record
SYN-0554,,document printout,1,A4,,,copy paper,80.0,full colour,single-sided,20.0,none,standard,self-collection,714.94,0.0,0.0,729.24,Maharagama,Synthetic rule-based generation calibrated to Sri Lankan public price references,2026-08-20,Synthetic prototype record
SYN-0555,,spiral binding,1,A4,,,copy paper,80.0,,,50.0,spiral binding,standard,delivery,0.0,85.37,350.0,434.52,Galle,Synthetic rule-based generation calibrated to Sri Lankan public price references,2026-08-20,Synthetic prototype record
SYN-0556,,lamination,2,A3,,,laminating film,,,single-sided,1.0,cold lamination,standard,delivery,0.0,113.13,350.0,463.13,Gampaha,Synthetic rule-based generation calibrated to Sri Lankan public price references,2026-08-20,Synthetic prototype record
SYN-0557,,photocopy,100,A4,,,copy paper,80.0,full colour,single-sided,1.0,none,urgent (1-2 days),self-collection,4340.42,0.0,0.0,4822.2,Negombo,Synthetic rule-based generation calibrated to Sri Lankan public price references,2026-08-20,Synthetic prototype record
SYN-0558,,document printout,10,A4,,,copy paper,80.0,full colour,single-sided,5.0,none,standard,self-collection,1389.66,0.0,0.0,1445.24,Dehiwala,Synthetic rule-based generation calibrated to Sri Lankan public price references,2026-08-20,Synthetic prototype record
SYN-0559,,document printout,20,A4,,,copy paper,80.0,black and white,single-sided,200.0,none,standard,island-wide courier,43200.56,0.0,650.0,44714.57,Maharagama,Synthetic rule-based generation calibrated to Sri Lankan public price references,2026-08-20,Synthetic prototype record
SYN-0560,,spiral binding,5,A4,,,copy paper,80.0,,,300.0,spiral binding,standard,self-collection,0.0,1000.73,0.0,1040.76,Nugegoda,Synthetic rule-based generation calibrated to Sri Lankan public price references,2026-08-20,Synthetic prototype record
SYN-0561,,document printout,2,A4,,,copy paper,80.0,black and white,double-sided,1.0,none,standard,delivery,18.77,0.0,350.0,369.53,Nugegoda,Synthetic rule-based generation calibrated to Sri Lankan public price references,2026-08-20,Synthetic prototype record
SYN-0562,,photo printing,2,4R,,,gloss photo paper,230.0,full colour,single-sided,1.0,gloss finish,standard,island-wide courier,230.65,0.0,650.0,878.34,Galle,Synthetic rule-based generation calibrated to Sri Lankan public price references,2026-08-20,Synthetic prototype record
SYN-0563,,document printout,2,A4,,,copy paper,80.0,black and white,double-sided,5.0,none,rush (same/next day),self-collection,114.63,0.0,0.0,136.18,Kalutara,Synthetic rule-based generation calibrated to Sri Lankan public price references,2026-08-20,Synthetic prototype record
SYN-0564,,photo printing,50,6R,,,gloss photo paper,230.0,full colour,single-sided,1.0,gloss finish,standard,self-collection,8491.85,0.0,0.0,8406.93,Galle,Synthetic rule-based generation calibrated to Sri Lankan public price references,2026-08-20,Synthetic prototype record
SYN-0565,,photocopy,20,A5,,,copy paper,80.0,black and white,single-sided,1.0,none,standard,self-collection,201.17,0.0,0.0,199.16,Kalutara,Synthetic rule-based generation calibrated to Sri Lankan public price references,2026-08-20,Synthetic prototype record
SYN-0566,,photo printing,2,8x12,,,matte photo paper,230.0,full colour,single-sided,1.0,matte finish,standard,self-collection,997.87,0.0,0.0,1007.85,Negombo,Synthetic rule-based generation calibrated to Sri Lankan public price references,2026-08-20,Synthetic prototype record
SYN-0567,,photocopy,10,A3,,,copy paper,80.0,black and white,single-sided,1.0,none,standard,island-wide courier,201.41,0.0,650.0,849.39,Kalutara,Synthetic rule-based generation calibrated to Sri Lankan public price references,2026-08-20,Synthetic prototype record
SYN-0568,,photo printing,12,4R,,,gloss photo paper,230.0,full colour,single-sided,1.0,gloss finish,standard,delivery,824.14,0.0,350.0,1157.66,Kurunegala,Synthetic rule-based generation calibrated to Sri Lankan public price references,2026-08-20,Synthetic prototype record
SYN-0569,,photo printing,20,8x12,,,matte photo paper,230.0,full colour,single-sided,1.0,matte finish,rush (same/next day),island-wide courier,8213.74,0.0,650.0,10407.92,Kalutara,Synthetic rule-based generation calibrated to Sri Lankan public price references,2026-08-20,Synthetic prototype record
SYN-0570,,lamination,2,4R,,,laminating film,,,single-sided,1.0,cold lamination,rush (same/next day),self-collection,0.0,40.1,0.0,47.63,Kalutara,Synthetic rule-based generation calibrated to Sri Lankan public price references,2026-08-20,Synthetic prototype record
SYN-0571,,photo printing,12,5R,,,gloss photo paper,230.0,full colour,single-sided,1.0,gloss finish,standard,self-collection,1613.0,0.0,0.0,1596.87,Kalutara,Synthetic rule-based generation calibrated to Sri Lankan public price references,2026-08-20,Synthetic prototype record
SYN-0572,,photocopy,500,A3,,,copy paper,80.0,full colour,double-sided,1.0,none,standard,delivery,43468.03,0.0,350.0,44687.39,Maharagama,Synthetic rule-based generation calibrated to Sri Lankan public price references,2026-08-20,Synthetic prototype record
SYN-0573,,spiral binding,20,A4,,,copy paper,80.0,,,300.0,spiral binding,standard,self-collection,0.0,3663.7,0.0,3883.52,Colombo,Synthetic rule-based generation calibrated to Sri Lankan public price references,2026-08-20,Synthetic prototype record
SYN-0574,,photocopy,10,Legal,,,copy paper,80.0,black and white,single-sided,1.0,none,standard,island-wide courier,181.06,0.0,650.0,831.06,Gampaha,Synthetic rule-based generation calibrated to Sri Lankan public price references,2026-08-20,Synthetic prototype record
SYN-0575,,document printout,1,Legal,,,copy paper,80.0,black and white,double-sided,100.0,none,rush (same/next day),self-collection,1077.95,0.0,0.0,1280.6,Galle,Synthetic rule-based generation calibrated to Sri Lankan public price references,2026-08-20,Synthetic prototype record
SYN-0576,,lamination,25,A3,,,laminating film,,,single-sided,1.0,lamination,standard,self-collection,0.0,1145.74,0.0,1191.57,Dehiwala,Synthetic rule-based generation calibrated to Sri Lankan public price references,2026-08-20,Synthetic prototype record
SYN-0577,,document printout,10,A4,,,copy paper,80.0,full colour,double-sided,2.0,none,standard,island-wide courier,490.56,0.0,650.0,1145.47,Kandy,Synthetic rule-based generation calibrated to Sri Lankan public price references,2026-08-20,Synthetic prototype record
SYN-0578,,spiral binding,3,A4,,,copy paper,80.0,,,200.0,spiral binding,standard,self-collection,0.0,487.9,0.0,478.15,Kurunegala,Synthetic rule-based generation calibrated to Sri Lankan public price references,2026-08-20,Synthetic prototype record
SYN-0579,,document printout,10,A4,,,copy paper,80.0,black and white,single-sided,50.0,none,standard,delivery,5583.37,0.0,350.0,6156.71,Dehiwala,Synthetic rule-based generation calibrated to Sri Lankan public price references,2026-08-20,Synthetic prototype record
SYN-0580,,photocopy,100,A5,,,copy paper,80.0,black and white,double-sided,1.0,none,urgent (1-2 days),self-collection,819.34,0.0,0.0,910.29,Negombo,Synthetic rule-based generation calibrated to Sri Lankan public price references,2026-08-20,Synthetic prototype record
SYN-0581,,lamination,250,A3,,,laminating film,,,single-sided,1.0,lamination,standard,island-wide courier,0.0,10725.29,650.0,12018.81,Colombo,Synthetic rule-based generation calibrated to Sri Lankan public price references,2026-08-20,Synthetic prototype record
SYN-0582,,lamination,5,A4,,,laminating film,,,double-sided,1.0,cold lamination,urgent (1-2 days),self-collection,0.0,144.74,0.0,157.62,Galle,Synthetic rule-based generation calibrated to Sri Lankan public price references,2026-08-20,Synthetic prototype record
SYN-0583,,photocopy,250,A4,,,copy paper,80.0,full colour,single-sided,1.0,none,rush (same/next day),island-wide courier,8155.61,0.0,650.0,10338.87,Kalutara,Synthetic rule-based generation calibrated to Sri Lankan public price references,2026-08-20,Synthetic prototype record
SYN-0584,,photocopy,1000,A4,,,copy paper,80.0,black and white,single-sided,1.0,none,urgent (1-2 days),delivery,7888.43,0.0,350.0,9547.91,Colombo,Synthetic rule-based generation calibrated to Sri Lankan public price references,2026-08-20,Synthetic prototype record
SYN-0585,,spiral binding,1,A4,,,copy paper,80.0,,,200.0,spiral binding,urgent (1-2 days),island-wide courier,0.0,155.25,650.0,827.6,Dehiwala,Synthetic rule-based generation calibrated to Sri Lankan public price references,2026-08-20,Synthetic prototype record
SYN-0586,,document printout,1,A5,,,copy paper,80.0,full colour,double-sided,20.0,none,standard,self-collection,599.67,0.0,0.0,623.66,Dehiwala,Synthetic rule-based generation calibrated to Sri Lankan public price references,2026-08-20,Synthetic prototype record
SYN-0587,,document printout,20,A4,,,copy paper,80.0,full colour,single-sided,100.0,none,urgent (1-2 days),self-collection,68480.87,0.0,0.0,73822.38,Kurunegala,Synthetic rule-based generation calibrated to Sri Lankan public price references,2026-08-20,Synthetic prototype record
SYN-0588,,spiral binding,3,A3,,,copy paper,80.0,,,150.0,spiral binding,rush (same/next day),self-collection,0.0,647.24,0.0,776.69,Gampaha,Synthetic rule-based generation calibrated to Sri Lankan public price references,2026-08-20,Synthetic prototype record
SYN-0589,,photo printing,50,8x12,,,gloss photo paper,260.0,full colour,single-sided,1.0,gloss finish,standard,self-collection,20210.79,0.0,0.0,20210.79,Gampaha,Synthetic rule-based generation calibrated to Sri Lankan public price references,2026-08-20,Synthetic prototype record
SYN-0590,,document printout,10,A5,,,copy paper,80.0,black and white,single-sided,50.0,none,urgent (1-2 days),self-collection,3848.03,0.0,0.0,4275.16,Kandy,Synthetic rule-based generation calibrated to Sri Lankan public price references,2026-08-20,Synthetic prototype record
SYN-0591,,photocopy,20,Legal,,,copy paper,80.0,black and white,single-sided,1.0,none,rush (same/next day),delivery,153.6,0.0,350.0,545.38,Colombo,Synthetic rule-based generation calibrated to Sri Lankan public price references,2026-08-20,Synthetic prototype record
SYN-0592,,document printout,10,A3,,,copy paper,80.0,black and white,single-sided,100.0,none,rush (same/next day),self-collection,19424.2,0.0,0.0,23542.13,Kandy,Synthetic rule-based generation calibrated to Sri Lankan public price references,2026-08-20,Synthetic prototype record
SYN-0593,,document printout,2,A3,,,copy paper,80.0,full colour,single-sided,20.0,none,urgent (1-2 days),self-collection,2321.0,0.0,0.0,2655.22,Dehiwala,Synthetic rule-based generation calibrated to Sri Lankan public price references,2026-08-20,Synthetic prototype record
SYN-0594,,lamination,10,A4,,,laminating film,,,single-sided,1.0,cold lamination,rush (same/next day),delivery,0.0,224.36,350.0,630.01,Nugegoda,Synthetic rule-based generation calibrated to Sri Lankan public price references,2026-08-20,Synthetic prototype record
SYN-0595,,spiral binding,2,A4,,,copy paper,80.0,,,150.0,spiral binding,standard,self-collection,0.0,272.86,0.0,267.41,Kurunegala,Synthetic rule-based generation calibrated to Sri Lankan public price references,2026-08-20,Synthetic prototype record
SYN-0596,,document printout,2,A4,,,copy paper,80.0,black and white,double-sided,200.0,none,standard,self-collection,3148.81,0.0,0.0,3117.32,Kalutara,Synthetic rule-based generation calibrated to Sri Lankan public price references,2026-08-20,Synthetic prototype record
SYN-0597,,photocopy,5,A4,,,copy paper,80.0,black and white,single-sided,1.0,none,standard,delivery,44.42,0.0,350.0,393.53,Kurunegala,Synthetic rule-based generation calibrated to Sri Lankan public price references,2026-08-20,Synthetic prototype record
SYN-0598,,lamination,10,A4,,,laminating film,,,double-sided,1.0,lamination,urgent (1-2 days),delivery,0.0,335.79,350.0,715.68,Kalutara,Synthetic rule-based generation calibrated to Sri Lankan public price references,2026-08-20,Synthetic prototype record
SYN-0599,,document printout,5,Legal,,,copy paper,80.0,black and white,double-sided,20.0,none,standard,delivery,1536.31,0.0,350.0,1870.95,Galle,Synthetic rule-based generation calibrated to Sri Lankan public price references,2026-08-20,Synthetic prototype record
SYN-0600,,document printout,10,A4,,,copy paper,80.0,full colour,double-sided,50.0,none,standard,delivery,11820.26,0.0,350.0,12170.26,Gampaha,Synthetic rule-based generation calibrated to Sri Lankan public price references,2026-08-20,Synthetic prototype record
SYN-0601,,spiral binding,2,A3,,,copy paper,80.0,,,300.0,spiral binding,standard,delivery,0.0,524.08,350.0,868.84,Galle,Synthetic rule-based generation calibrated to Sri Lankan public price references,2026-08-20,Synthetic prototype record
SYN-0602,,document printout,5,A4,,,copy paper,80.0,black and white,double-sided,50.0,none,standard,delivery,2810.21,0.0,350.0,3272.62,Dehiwala,Synthetic rule-based generation calibrated to Sri Lankan public price references,2026-08-20,Synthetic prototype record
SYN-0603,,photo printing,2,10R,,,gloss photo paper,260.0,full colour,single-sided,1.0,gloss finish,standard,self-collection,1186.39,0.0,0.0,1198.26,Kandy,Synthetic rule-based generation calibrated to Sri Lankan public price references,2026-08-20,Synthetic prototype record
SYN-0604,,photo printing,50,4R,,,matte photo paper,230.0,full colour,single-sided,1.0,matte finish,standard,island-wide courier,3454.58,0.0,650.0,4242.76,Nugegoda,Synthetic rule-based generation calibrated to Sri Lankan public price references,2026-08-20,Synthetic prototype record
SYN-0605,,lamination,1,A4,,,laminating film,,,single-sided,1.0,cold lamination,urgent (1-2 days),delivery,0.0,28.03,350.0,382.06,Nugegoda,Synthetic rule-based generation calibrated to Sri Lankan public price references,2026-08-20,Synthetic prototype record
SYN-0606,,lamination,100,A4,,,laminating film,,,double-sided,1.0,cold lamination,standard,self-collection,0.0,2753.09,0.0,2808.15,Maharagama,Synthetic rule-based generation calibrated to Sri Lankan public price references,2026-08-20,Synthetic prototype record
SYN-0607,,photo printing,6,4R,,,gloss photo paper,230.0,full colour,single-sided,1.0,gloss finish,standard,self-collection,433.77,0.0,0.0,429.44,Kalutara,Synthetic rule-based generation calibrated to Sri Lankan public price references,2026-08-20,Synthetic prototype record
SYN-0608,,lamination,5,A4,,,laminating film,,,single-sided,1.0,lamination,standard,self-collection,0.0,145.83,0.0,148.74,Maharagama,Synthetic rule-based generation calibrated to Sri Lankan public price references,2026-08-20,Synthetic prototype record
SYN-0609,,lamination,5,A4,,,laminating film,,,double-sided,1.0,cold lamination,rush (same/next day),island-wide courier,0.0,152.01,650.0,834.24,Kandy,Synthetic rule-based generation calibrated to Sri Lankan public price references,2026-08-20,Synthetic prototype record
SYN-0610,,photocopy,20,A3,,,copy paper,80.0,black and white,double-sided,1.0,none,urgent (1-2 days),delivery,652.21,0.0,350.0,1060.26,Kalutara,Synthetic rule-based generation calibrated to Sri Lankan public price references,2026-08-20,Synthetic prototype record
SYN-0611,,spiral binding,3,A4,,,copy paper,80.0,,,250.0,spiral binding,standard,delivery,0.0,545.52,350.0,928.25,Colombo,Synthetic rule-based generation calibrated to Sri Lankan public price references,2026-08-20,Synthetic prototype record
SYN-0612,,photocopy,5,A4,,,copy paper,80.0,black and white,single-sided,1.0,none,standard,delivery,51.32,0.0,350.0,401.83,Kandy,Synthetic rule-based generation calibrated to Sri Lankan public price references,2026-08-20,Synthetic prototype record
SYN-0613,,document printout,50,A3,,,copy paper,80.0,black and white,double-sided,2.0,none,standard,delivery,2323.4,0.0,350.0,2673.4,Gampaha,Synthetic rule-based generation calibrated to Sri Lankan public price references,2026-08-20,Synthetic prototype record
SYN-0614,,photocopy,5,A4,,,copy paper,80.0,black and white,double-sided,1.0,none,urgent (1-2 days),self-collection,111.53,0.0,0.0,121.46,Kalutara,Synthetic rule-based generation calibrated to Sri Lankan public price references,2026-08-20,Synthetic prototype record
SYN-0615,,document printout,2,A4,,,colour paper,80.0,black and white,double-sided,200.0,none,standard,self-collection,4803.26,0.0,0.0,4995.39,Nugegoda,Synthetic rule-based generation calibrated to Sri Lankan public price references,2026-08-20,Synthetic prototype record
SYN-0616,,photocopy,5,Legal,,,copy paper,80.0,black and white,single-sided,1.0,none,standard,self-collection,95.43,0.0,0.0,93.52,Kurunegala,Synthetic rule-based generation calibrated to Sri Lankan public price references,2026-08-20,Synthetic prototype record
SYN-0617,,spiral binding,3,A3,,,copy paper,80.0,,,150.0,spiral binding,standard,delivery,0.0,598.14,350.0,948.14,Gampaha,Synthetic rule-based generation calibrated to Sri Lankan public price references,2026-08-20,Synthetic prototype record
SYN-0618,,photocopy,10,A3,,,copy paper,80.0,black and white,single-sided,1.0,none,standard,delivery,192.53,0.0,350.0,550.24,Dehiwala,Synthetic rule-based generation calibrated to Sri Lankan public price references,2026-08-20,Synthetic prototype record
SYN-0619,,spiral binding,2,A4,,,copy paper,80.0,,,50.0,spiral binding,urgent (1-2 days),delivery,0.0,175.1,350.0,538.75,Kurunegala,Synthetic rule-based generation calibrated to Sri Lankan public price references,2026-08-20,Synthetic prototype record
SYN-0620,,spiral binding,20,A4,,,copy paper,80.0,,,100.0,spiral binding,rush (same/next day),delivery,0.0,1897.97,350.0,2764.21,Colombo,Synthetic rule-based generation calibrated to Sri Lankan public price references,2026-08-20,Synthetic prototype record
SYN-0621,,document printout,20,A5,,,copy paper,80.0,full colour,single-sided,200.0,none,urgent (1-2 days),island-wide courier,84218.07,0.0,650.0,98848.27,Colombo,Synthetic rule-based generation calibrated to Sri Lankan public price references,2026-08-20,Synthetic prototype record
SYN-0622,,photo printing,5,5R,,,gloss photo paper,260.0,full colour,single-sided,1.0,gloss finish,standard,self-collection,916.41,0.0,0.0,916.41,Gampaha,Synthetic rule-based generation calibrated to Sri Lankan public price references,2026-08-20,Synthetic prototype record
SYN-0623,,spiral binding,10,A4,,,copy paper,80.0,,,300.0,spiral binding,standard,delivery,0.0,1945.33,350.0,2275.88,Kalutara,Synthetic rule-based generation calibrated to Sri Lankan public price references,2026-08-20,Synthetic prototype record
SYN-0624,,photocopy,20,A4,,,copy paper,80.0,black and white,single-sided,1.0,none,urgent (1-2 days),delivery,140.72,0.0,350.0,507.89,Maharagama,Synthetic rule-based generation calibrated to Sri Lankan public price references,2026-08-20,Synthetic prototype record
SYN-0625,,lamination,5,A3,,,laminating film,,,double-sided,1.0,cold lamination,urgent (1-2 days),self-collection,0.0,314.68,0.0,346.14,Gampaha,Synthetic rule-based generation calibrated to Sri Lankan public price references,2026-08-20,Synthetic prototype record
SYN-0626,,photo printing,1,5R,,,gloss photo paper,260.0,full colour,single-sided,1.0,gloss finish,standard,self-collection,198.1,0.0,0.0,196.12,Galle,Synthetic rule-based generation calibrated to Sri Lankan public price references,2026-08-20,Synthetic prototype record
SYN-0627,,document printout,10,A4,,,copy paper,80.0,full colour,double-sided,200.0,none,standard,self-collection,52881.54,0.0,0.0,56054.43,Colombo,Synthetic rule-based generation calibrated to Sri Lankan public price references,2026-08-20,Synthetic prototype record
SYN-0628,,spiral binding,10,A4,,,copy paper,80.0,,,300.0,spiral binding,standard,self-collection,0.0,1929.35,0.0,1910.06,Galle,Synthetic rule-based generation calibrated to Sri Lankan public price references,2026-08-20,Synthetic prototype record
SYN-0629,,document printout,1,A5,,,copy paper,80.0,black and white,double-sided,10.0,none,urgent (1-2 days),self-collection,93.73,0.0,0.0,102.07,Kalutara,Synthetic rule-based generation calibrated to Sri Lankan public price references,2026-08-20,Synthetic prototype record
SYN-0630,,lamination,1,A4,,,laminating film,,,double-sided,1.0,lamination,standard,delivery,0.0,35.12,350.0,385.83,Maharagama,Synthetic rule-based generation calibrated to Sri Lankan public price references,2026-08-20,Synthetic prototype record
SYN-0631,,photo printing,50,4R,,,gloss photo paper,260.0,full colour,single-sided,1.0,gloss finish,standard,self-collection,3121.95,0.0,0.0,3246.82,Dehiwala,Synthetic rule-based generation calibrated to Sri Lankan public price references,2026-08-20,Synthetic prototype record
SYN-0632,,document printout,10,A3,,,colour paper,80.0,black and white,single-sided,10.0,none,standard,island-wide courier,2647.7,0.0,650.0,3403.6,Dehiwala,Synthetic rule-based generation calibrated to Sri Lankan public price references,2026-08-20,Synthetic prototype record
SYN-0633,,lamination,5,4R,,,laminating film,,,single-sided,1.0,lamination,standard,self-collection,0.0,100.03,0.0,104.03,Dehiwala,Synthetic rule-based generation calibrated to Sri Lankan public price references,2026-08-20,Synthetic prototype record
SYN-0634,,lamination,5,A5,,,laminating film,,,single-sided,1.0,lamination,urgent (1-2 days),self-collection,0.0,102.07,0.0,114.53,Maharagama,Synthetic rule-based generation calibrated to Sri Lankan public price references,2026-08-20,Synthetic prototype record
SYN-0635,,photo printing,6,4R,,,matte photo paper,260.0,full colour,single-sided,1.0,matte finish,standard,delivery,449.07,0.0,350.0,803.56,Kandy,Synthetic rule-based generation calibrated to Sri Lankan public price references,2026-08-20,Synthetic prototype record
SYN-0636,,spiral binding,3,A4,,,copy paper,80.0,,,300.0,spiral binding,standard,self-collection,0.0,598.25,0.0,610.22,Maharagama,Synthetic rule-based generation calibrated to Sri Lankan public price references,2026-08-20,Synthetic prototype record
SYN-0637,,lamination,50,4R,,,laminating film,,,single-sided,1.0,cold lamination,standard,delivery,0.0,934.58,350.0,1303.27,Maharagama,Synthetic rule-based generation calibrated to Sri Lankan public price references,2026-08-20,Synthetic prototype record
SYN-0638,,photocopy,100,A4,,,copy paper,80.0,black and white,double-sided,1.0,none,standard,delivery,1774.62,0.0,350.0,2160.11,Maharagama,Synthetic rule-based generation calibrated to Sri Lankan public price references,2026-08-20,Synthetic prototype record
SYN-0639,,photocopy,5,A4,,,copy paper,80.0,black and white,single-sided,1.0,none,rush (same/next day),delivery,38.64,0.0,350.0,396.83,Kandy,Synthetic rule-based generation calibrated to Sri Lankan public price references,2026-08-20,Synthetic prototype record
SYN-0640,,spiral binding,20,A4,,,copy paper,80.0,,,150.0,spiral binding,urgent (1-2 days),self-collection,0.0,2320.15,0.0,2526.64,Kalutara,Synthetic rule-based generation calibrated to Sri Lankan public price references,2026-08-20,Synthetic prototype record
SYN-0641,,lamination,10,A5,,,laminating film,,,double-sided,1.0,lamination,rush (same/next day),self-collection,0.0,238.08,0.0,302.84,Colombo,Synthetic rule-based generation calibrated to Sri Lankan public price references,2026-08-20,Synthetic prototype record
SYN-0642,,photo printing,12,10x15,,,gloss photo paper,260.0,full colour,single-sided,1.0,gloss finish,urgent (1-2 days),island-wide courier,8364.1,0.0,650.0,10218.53,Nugegoda,Synthetic rule-based generation calibrated to Sri Lankan public price references,2026-08-20,Synthetic prototype record
SYN-0643,,lamination,50,A5,,,laminating film,,,double-sided,1.0,cold lamination,standard,island-wide courier,0.0,1265.33,650.0,1890.03,Kurunegala,Synthetic rule-based generation calibrated to Sri Lankan public price references,2026-08-20,Synthetic prototype record
SYN-0644,,photocopy,10,A3,,,copy paper,80.0,black and white,single-sided,1.0,none,standard,self-collection,164.1,0.0,0.0,160.82,Kurunegala,Synthetic rule-based generation calibrated to Sri Lankan public price references,2026-08-20,Synthetic prototype record
SYN-0645,,photocopy,500,A3,,,copy paper,80.0,black and white,single-sided,1.0,none,urgent (1-2 days),delivery,7266.1,0.0,350.0,8822.28,Colombo,Synthetic rule-based generation calibrated to Sri Lankan public price references,2026-08-20,Synthetic prototype record
SYN-0646,,lamination,250,A5,,,laminating film,,,double-sided,1.0,lamination,standard,self-collection,0.0,5046.85,0.0,5147.79,Maharagama,Synthetic rule-based generation calibrated to Sri Lankan public price references,2026-08-20,Synthetic prototype record
SYN-0647,,spiral binding,2,A4,,,copy paper,80.0,,,200.0,spiral binding,standard,self-collection,0.0,303.15,0.0,300.12,Kalutara,Synthetic rule-based generation calibrated to Sri Lankan public price references,2026-08-20,Synthetic prototype record
SYN-0648,,document printout,5,Legal,,,copy paper,80.0,black and white,single-sided,10.0,none,standard,self-collection,776.1,0.0,0.0,822.67,Colombo,Synthetic rule-based generation calibrated to Sri Lankan public price references,2026-08-20,Synthetic prototype record
SYN-0649,,photo printing,6,10x15,,,gloss photo paper,260.0,full colour,single-sided,1.0,gloss finish,standard,self-collection,4613.02,0.0,0.0,4613.02,Gampaha,Synthetic rule-based generation calibrated to Sri Lankan public price references,2026-08-20,Synthetic prototype record
SYN-0650,,photocopy,1000,A5,,,copy paper,80.0,black and white,double-sided,1.0,none,standard,self-collection,8872.45,0.0,0.0,8783.72,Galle,Synthetic rule-based generation calibrated to Sri Lankan public price references,2026-08-20,Synthetic prototype record
SYN-0651,,photocopy,1000,A4,,,copy paper,80.0,black and white,single-sided,1.0,none,urgent (1-2 days),self-collection,9123.44,0.0,0.0,9935.42,Galle,Synthetic rule-based generation calibrated to Sri Lankan public price references,2026-08-20,Synthetic prototype record
SYN-0652,,photocopy,250,A3,,,copy paper,80.0,full colour,double-sided,1.0,none,standard,self-collection,15997.66,0.0,0.0,15837.68,Kalutara,Synthetic rule-based generation calibrated to Sri Lankan public price references,2026-08-20,Synthetic prototype record
SYN-0653,,spiral binding,10,A4,,,copy paper,80.0,,,50.0,spiral binding,standard,self-collection,0.0,740.08,0.0,725.28,Kurunegala,Synthetic rule-based generation calibrated to Sri Lankan public price references,2026-08-20,Synthetic prototype record
SYN-0654,,document printout,1,A3,,,copy paper,80.0,black and white,double-sided,100.0,none,standard,delivery,2262.09,0.0,350.0,2702.58,Dehiwala,Synthetic rule-based generation calibrated to Sri Lankan public price references,2026-08-20,Synthetic prototype record
SYN-0655,,photo printing,2,4R,,,gloss photo paper,230.0,full colour,single-sided,1.0,gloss finish,standard,delivery,214.67,0.0,350.0,573.25,Nugegoda,Synthetic rule-based generation calibrated to Sri Lankan public price references,2026-08-20,Synthetic prototype record
SYN-0656,,document printout,20,A4,,,copy paper,80.0,black and white,double-sided,10.0,none,standard,island-wide courier,2429.68,0.0,650.0,3103.97,Kandy,Synthetic rule-based generation calibrated to Sri Lankan public price references,2026-08-20,Synthetic prototype record
SYN-0657,,spiral binding,20,A3,,,copy paper,80.0,,,150.0,spiral binding,standard,self-collection,0.0,3426.02,0.0,3494.54,Maharagama,Synthetic rule-based generation calibrated to Sri Lankan public price references,2026-08-20,Synthetic prototype record
SYN-0658,,lamination,2,A4,,,laminating film,,,double-sided,1.0,lamination,standard,delivery,0.0,69.3,350.0,418.6,Galle,Synthetic rule-based generation calibrated to Sri Lankan public price references,2026-08-20,Synthetic prototype record
SYN-0659,,photocopy,10,A4,,,copy paper,80.0,full colour,single-sided,1.0,none,urgent (1-2 days),delivery,242.43,0.0,350.0,627.34,Dehiwala,Synthetic rule-based generation calibrated to Sri Lankan public price references,2026-08-20,Synthetic prototype record
SYN-0660,,document printout,20,A4,,,copy paper,80.0,black and white,single-sided,2.0,none,standard,delivery,463.21,0.0,350.0,808.58,Kalutara,Synthetic rule-based generation calibrated to Sri Lankan public price references,2026-08-20,Synthetic prototype record
SYN-0661,,photocopy,5,Legal,,,copy paper,80.0,black and white,single-sided,1.0,none,urgent (1-2 days),self-collection,74.08,0.0,0.0,79.86,Kurunegala,Synthetic rule-based generation calibrated to Sri Lankan public price references,2026-08-20,Synthetic prototype record
SYN-0662,,document printout,5,A4,,,copy paper,80.0,black and white,double-sided,100.0,none,urgent (1-2 days),self-collection,4937.31,0.0,0.0,5322.42,Kurunegala,Synthetic rule-based generation calibrated to Sri Lankan public price references,2026-08-20,Synthetic prototype record
SYN-0663,,document printout,10,A4,,,copy paper,80.0,full colour,single-sided,200.0,none,urgent (1-2 days),delivery,64729.45,0.0,350.0,71552.4,Gampaha,Synthetic rule-based generation calibrated to Sri Lankan public price references,2026-08-20,Synthetic prototype record
SYN-0664,,photo printing,6,4R,,,matte photo paper,230.0,full colour,single-sided,1.0,matte finish,urgent (1-2 days),delivery,467.6,0.0,350.0,895.22,Colombo,Synthetic rule-based generation calibrated to Sri Lankan public price references,2026-08-20,Synthetic prototype record
SYN-0665,,lamination,100,A5,,,laminating film,,,single-sided,1.0,lamination,urgent (1-2 days),self-collection,0.0,1673.16,0.0,1877.28,Maharagama,Synthetic rule-based generation calibrated to Sri Lankan public price references,2026-08-20,Synthetic prototype record
SYN-0666,,spiral binding,3,A4,,,copy paper,80.0,,,200.0,spiral binding,standard,self-collection,0.0,479.62,0.0,470.03,Kurunegala,Synthetic rule-based generation calibrated to Sri Lankan public price references,2026-08-20,Synthetic prototype record
SYN-0667,,document printout,20,A3,,,copy paper,80.0,full colour,double-sided,1.0,none,standard,self-collection,1105.07,0.0,0.0,1127.17,Maharagama,Synthetic rule-based generation calibrated to Sri Lankan public price references,2026-08-20,Synthetic prototype record
SYN-0668,,photo printing,5,8R,,,gloss photo paper,260.0,full colour,single-sided,1.0,gloss finish,standard,self-collection,1507.06,0.0,0.0,1567.34,Nugegoda,Synthetic rule-based generation calibrated to Sri Lankan public price references,2026-08-20,Synthetic prototype record
SYN-0669,,photocopy,20,A4,,,copy paper,80.0,full colour,single-sided,1.0,none,standard,delivery,931.82,0.0,350.0,1337.73,Colombo,Synthetic rule-based generation calibrated to Sri Lankan public price references,2026-08-20,Synthetic prototype record
SYN-0670,,lamination,25,A5,,,laminating film,,,single-sided,1.0,cold lamination,standard,self-collection,0.0,514.84,0.0,519.99,Negombo,Synthetic rule-based generation calibrated to Sri Lankan public price references,2026-08-20,Synthetic prototype record
SYN-0671,,photo printing,2,5R,,,gloss photo paper,230.0,full colour,single-sided,1.0,gloss finish,urgent (1-2 days),self-collection,370.74,0.0,0.0,403.74,Kalutara,Synthetic rule-based generation calibrated to Sri Lankan public price references,2026-08-20,Synthetic prototype record
SYN-0672,,document printout,20,A4,,,copy paper,80.0,black and white,single-sided,1.0,none,standard,self-collection,246.16,0.0,0.0,243.7,Galle,Synthetic rule-based generation calibrated to Sri Lankan public price references,2026-08-20,Synthetic prototype record
SYN-0673,,lamination,2,A3,,,laminating film,,,single-sided,1.0,cold lamination,standard,self-collection,0.0,100.59,0.0,104.61,Nugegoda,Synthetic rule-based generation calibrated to Sri Lankan public price references,2026-08-20,Synthetic prototype record
SYN-0674,,photocopy,250,A4,,,copy paper,80.0,black and white,single-sided,1.0,none,standard,self-collection,1584.3,0.0,0.0,1615.99,Maharagama,Synthetic rule-based generation calibrated to Sri Lankan public price references,2026-08-20,Synthetic prototype record
SYN-0675,,photocopy,10,A4,,,copy paper,80.0,black and white,double-sided,1.0,none,rush (same/next day),self-collection,185.63,0.0,0.0,218.3,Kurunegala,Synthetic rule-based generation calibrated to Sri Lankan public price references,2026-08-20,Synthetic prototype record
SYN-0676,,photo printing,50,4R,,,matte photo paper,230.0,full colour,single-sided,1.0,matte finish,standard,self-collection,3462.33,0.0,0.0,3496.96,Kandy,Synthetic rule-based generation calibrated to Sri Lankan public price references,2026-08-20,Synthetic prototype record
SYN-0677,,lamination,50,4R,,,laminating film,,,double-sided,1.0,lamination,standard,self-collection,0.0,969.79,0.0,979.49,Negombo,Synthetic rule-based generation calibrated to Sri Lankan public price references,2026-08-20,Synthetic prototype record
SYN-0678,,spiral binding,10,A4,,,copy paper,80.0,,,300.0,spiral binding,standard,island-wide courier,0.0,1828.18,650.0,2478.18,Gampaha,Synthetic rule-based generation calibrated to Sri Lankan public price references,2026-08-20,Synthetic prototype record
SYN-0679,,photocopy,1000,A4,,,copy paper,80.0,black and white,single-sided,1.0,none,standard,self-collection,5525.71,0.0,0.0,5746.73,Dehiwala,Synthetic rule-based generation calibrated to Sri Lankan public price references,2026-08-20,Synthetic prototype record
SYN-0680,,lamination,100,A3,,,laminating film,,,single-sided,1.0,lamination,rush (same/next day),self-collection,0.0,4190.82,0.0,4978.7,Galle,Synthetic rule-based generation calibrated to Sri Lankan public price references,2026-08-20,Synthetic prototype record
SYN-0681,,document printout,20,A4,,,colour paper,80.0,black and white,double-sided,2.0,none,urgent (1-2 days),self-collection,398.18,0.0,0.0,455.52,Dehiwala,Synthetic rule-based generation calibrated to Sri Lankan public price references,2026-08-20,Synthetic prototype record
SYN-0682,,photocopy,1,A4,,,copy paper,80.0,black and white,single-sided,1.0,none,standard,self-collection,11.93,0.0,0.0,11.81,Kalutara,Synthetic rule-based generation calibrated to Sri Lankan public price references,2026-08-20,Synthetic prototype record
SYN-0683,,lamination,25,A4,,,laminating film,,,double-sided,1.0,lamination,urgent (1-2 days),self-collection,0.0,776.11,0.0,862.26,Negombo,Synthetic rule-based generation calibrated to Sri Lankan public price references,2026-08-20,Synthetic prototype record
SYN-0684,,document printout,2,A4,,,copy paper,80.0,black and white,double-sided,50.0,none,urgent (1-2 days),delivery,1138.53,0.0,350.0,1614.91,Negombo,Synthetic rule-based generation calibrated to Sri Lankan public price references,2026-08-20,Synthetic prototype record
SYN-0685,,photocopy,20,A4,,,copy paper,80.0,black and white,single-sided,1.0,none,urgent (1-2 days),delivery,152.51,0.0,350.0,519.44,Negombo,Synthetic rule-based generation calibrated to Sri Lankan public price references,2026-08-20,Synthetic prototype record
SYN-0686,,lamination,1,A4,,,laminating film,,,double-sided,1.0,cold lamination,standard,delivery,0.0,27.64,350.0,377.92,Kandy,Synthetic rule-based generation calibrated to Sri Lankan public price references,2026-08-20,Synthetic prototype record
SYN-0687,,photocopy,20,A4,,,copy paper,80.0,black and white,double-sided,1.0,none,standard,island-wide courier,429.82,0.0,650.0,1088.41,Maharagama,Synthetic rule-based generation calibrated to Sri Lankan public price references,2026-08-20,Synthetic prototype record
SYN-0688,,photo printing,5,6R,,,gloss photo paper,230.0,full colour,single-sided,1.0,gloss finish,standard,self-collection,1216.22,0.0,0.0,1240.55,Maharagama,Synthetic rule-based generation calibrated to Sri Lankan public price references,2026-08-20,Synthetic prototype record
SYN-0689,,document printout,50,A4,,,copy paper,80.0,full colour,single-sided,10.0,none,rush (same/next day),delivery,20260.36,0.0,350.0,24662.43,Gampaha,Synthetic rule-based generation calibrated to Sri Lankan public price references,2026-08-20,Synthetic prototype record
SYN-0690,,lamination,100,A3,,,laminating film,,,double-sided,1.0,cold lamination,standard,delivery,0.0,6002.64,350.0,6352.64,Gampaha,Synthetic rule-based generation calibrated to Sri Lankan public price references,2026-08-20,Synthetic prototype record
SYN-0691,,photo printing,12,5R,,,matte photo paper,230.0,full colour,single-sided,1.0,matte finish,standard,self-collection,1592.69,0.0,0.0,1576.76,Galle,Synthetic rule-based generation calibrated to Sri Lankan public price references,2026-08-20,Synthetic prototype record
SYN-0692,,photocopy,250,A4,,,copy paper,80.0,black and white,single-sided,1.0,none,urgent (1-2 days),island-wide courier,1939.58,0.0,650.0,2783.53,Gampaha,Synthetic rule-based generation calibrated to Sri Lankan public price references,2026-08-20,Synthetic prototype record
SYN-0693,,document printout,20,A3,,,copy paper,80.0,full colour,single-sided,20.0,none,urgent (1-2 days),island-wide courier,30395.4,0.0,650.0,35422.34,Nugegoda,Synthetic rule-based generation calibrated to Sri Lankan public price references,2026-08-20,Synthetic prototype record
SYN-0694,,photocopy,5,A4,,,copy paper,80.0,black and white,double-sided,1.0,none,standard,self-collection,62.94,0.0,0.0,62.31,Kalutara,Synthetic rule-based generation calibrated to Sri Lankan public price references,2026-08-20,Synthetic prototype record
SYN-0695,,photocopy,50,A4,,,copy paper,80.0,black and white,single-sided,1.0,none,standard,self-collection,632.94,0.0,0.0,632.94,Gampaha,Synthetic rule-based generation calibrated to Sri Lankan public price references,2026-08-20,Synthetic prototype record
SYN-0696,,document printout,20,A4,,,copy paper,80.0,full colour,double-sided,20.0,none,urgent (1-2 days),island-wide courier,14278.12,0.0,650.0,16198.87,Galle,Synthetic rule-based generation calibrated to Sri Lankan public price references,2026-08-20,Synthetic prototype record
SYN-0697,,photocopy,20,A5,,,copy paper,80.0,black and white,double-sided,1.0,none,standard,delivery,154.98,0.0,350.0,511.18,Nugegoda,Synthetic rule-based generation calibrated to Sri Lankan public price references,2026-08-20,Synthetic prototype record
SYN-0698,,photo printing,50,5R,,,gloss photo paper,260.0,full colour,single-sided,1.0,gloss finish,standard,self-collection,5519.91,0.0,0.0,5630.31,Maharagama,Synthetic rule-based generation calibrated to Sri Lankan public price references,2026-08-20,Synthetic prototype record
SYN-0699,,photocopy,1000,A5,,,copy paper,80.0,black and white,single-sided,1.0,none,urgent (1-2 days),delivery,6402.11,0.0,350.0,7462.75,Negombo,Synthetic rule-based generation calibrated to Sri Lankan public price references,2026-08-20,Synthetic prototype record
SYN-0700,,photo printing,50,5R,,,gloss photo paper,230.0,full colour,single-sided,1.0,gloss finish,standard,delivery,5428.03,0.0,350.0,5778.03,Gampaha,Synthetic rule-based generation calibrated to Sri Lankan public price references,2026-08-20,Synthetic prototype record
SYN-0701,,photocopy,50,A4,,,copy paper,80.0,black and white,single-sided,1.0,none,standard,self-collection,435.27,0.0,0.0,452.68,Nugegoda,Synthetic rule-based generation calibrated to Sri Lankan public price references,2026-08-20,Synthetic prototype record
SYN-0702,,document printout,10,A4,,,copy paper,80.0,black and white,double-sided,20.0,none,urgent (1-2 days),self-collection,2309.89,0.0,0.0,2490.06,Kurunegala,Synthetic rule-based generation calibrated to Sri Lankan public price references,2026-08-20,Synthetic prototype record
SYN-0703,,document printout,2,A4,,,copy paper,80.0,black and white,single-sided,5.0,none,standard,self-collection,134.71,0.0,0.0,137.4,Maharagama,Synthetic rule-based generation calibrated to Sri Lankan public price references,2026-08-20,Synthetic prototype record
SYN-0704,,document printout,20,A4,,,copy paper,80.0,full colour,single-sided,1.0,none,standard,self-collection,726.28,0.0,0.0,726.28,Gampaha,Synthetic rule-based generation calibrated to Sri Lankan public price references,2026-08-20,Synthetic prototype record
SYN-0705,,document printout,20,A4,,,copy paper,80.0,black and white,single-sided,20.0,none,standard,delivery,4302.33,0.0,350.0,4824.42,Dehiwala,Synthetic rule-based generation calibrated to Sri Lankan public price references,2026-08-20,Synthetic prototype record
SYN-0706,,photo printing,10,5R,,,gloss photo paper,260.0,full colour,single-sided,1.0,gloss finish,urgent (1-2 days),self-collection,941.59,0.0,0.0,1077.18,Nugegoda,Synthetic rule-based generation calibrated to Sri Lankan public price references,2026-08-20,Synthetic prototype record
SYN-0707,,document printout,2,A3,,,copy paper,80.0,full colour,single-sided,5.0,none,standard,self-collection,692.86,0.0,0.0,692.86,Gampaha,Synthetic rule-based generation calibrated to Sri Lankan public price references,2026-08-20,Synthetic prototype record
SYN-0708,,document printout,5,A4,,,copy paper,80.0,black and white,double-sided,20.0,none,standard,self-collection,1206.07,0.0,0.0,1254.31,Dehiwala,Synthetic rule-based generation calibrated to Sri Lankan public price references,2026-08-20,Synthetic prototype record
SYN-0709,,photocopy,1,A4,,,copy paper,80.0,black and white,single-sided,1.0,none,standard,self-collection,12.75,0.0,0.0,12.75,Gampaha,Synthetic rule-based generation calibrated to Sri Lankan public price references,2026-08-20,Synthetic prototype record
SYN-0710,,photocopy,500,A4,,,copy paper,80.0,black and white,single-sided,1.0,none,standard,delivery,5308.91,0.0,350.0,5658.91,Gampaha,Synthetic rule-based generation calibrated to Sri Lankan public price references,2026-08-20,Synthetic prototype record
SYN-0711,,lamination,100,A4,,,laminating film,,,single-sided,1.0,cold lamination,standard,self-collection,0.0,2236.24,0.0,2258.6,Kandy,Synthetic rule-based generation calibrated to Sri Lankan public price references,2026-08-20,Synthetic prototype record
SYN-0712,,lamination,50,4R,,,laminating film,,,double-sided,1.0,lamination,standard,island-wide courier,0.0,1185.41,650.0,1859.12,Maharagama,Synthetic rule-based generation calibrated to Sri Lankan public price references,2026-08-20,Synthetic prototype record
SYN-0713,,document printout,20,A3,,,copy paper,80.0,black and white,single-sided,200.0,none,rush (same/next day),self-collection,79059.15,0.0,0.0,92973.56,Kurunegala,Synthetic rule-based generation calibrated to Sri Lankan public price references,2026-08-20,Synthetic prototype record
SYN-0714,,spiral binding,5,A4,,,copy paper,80.0,,,150.0,spiral binding,standard,self-collection,0.0,599.56,0.0,587.57,Kurunegala,Synthetic rule-based generation calibrated to Sri Lankan public price references,2026-08-20,Synthetic prototype record
SYN-0715,,spiral binding,3,A4,,,copy paper,80.0,,,150.0,spiral binding,rush (same/next day),self-collection,0.0,356.72,0.0,445.18,Nugegoda,Synthetic rule-based generation calibrated to Sri Lankan public price references,2026-08-20,Synthetic prototype record
SYN-0716,,spiral binding,3,A4,,,copy paper,80.0,,,250.0,spiral binding,standard,island-wide courier,0.0,499.32,650.0,1144.33,Kalutara,Synthetic rule-based generation calibrated to Sri Lankan public price references,2026-08-20,Synthetic prototype record
SYN-0717,,document printout,2,A5,,,copy paper,80.0,black and white,single-sided,100.0,none,urgent (1-2 days),delivery,1695.99,0.0,350.0,2290.22,Dehiwala,Synthetic rule-based generation calibrated to Sri Lankan public price references,2026-08-20,Synthetic prototype record
SYN-0718,,lamination,25,A4,,,laminating film,,,double-sided,1.0,lamination,standard,delivery,0.0,703.8,350.0,1053.8,Gampaha,Synthetic rule-based generation calibrated to Sri Lankan public price references,2026-08-20,Synthetic prototype record
SYN-0719,,lamination,250,A4,,,laminating film,,,single-sided,1.0,cold lamination,rush (same/next day),self-collection,0.0,5014.36,0.0,6077.41,Kandy,Synthetic rule-based generation calibrated to Sri Lankan public price references,2026-08-20,Synthetic prototype record
SYN-0720,,lamination,1,A4,,,laminating film,,,single-sided,1.0,lamination,standard,delivery,0.0,26.21,350.0,376.47,Negombo,Synthetic rule-based generation calibrated to Sri Lankan public price references,2026-08-20,Synthetic prototype record
SYN-0721,,document printout,1,A4,,,copy paper,80.0,full colour,single-sided,50.0,none,standard,self-collection,1664.65,0.0,0.0,1697.94,Maharagama,Synthetic rule-based generation calibrated to Sri Lankan public price references,2026-08-20,Synthetic prototype record
SYN-0722,,photocopy,250,A5,,,copy paper,80.0,black and white,double-sided,1.0,none,standard,island-wide courier,2200.79,0.0,650.0,2938.82,Nugegoda,Synthetic rule-based generation calibrated to Sri Lankan public price references,2026-08-20,Synthetic prototype record
SYN-0723,,document printout,1,A4,,,copy paper,80.0,full colour,single-sided,10.0,none,urgent (1-2 days),self-collection,398.67,0.0,0.0,464.85,Colombo,Synthetic rule-based generation calibrated to Sri Lankan public price references,2026-08-20,Synthetic prototype record
SYN-0724,,photocopy,50,A4,,,copy paper,80.0,full colour,double-sided,1.0,none,standard,self-collection,1808.66,0.0,0.0,1826.75,Negombo,Synthetic rule-based generation calibrated to Sri Lankan public price references,2026-08-20,Synthetic prototype record
SYN-0725,,lamination,100,A5,,,laminating film,,,single-sided,1.0,lamination,standard,delivery,0.0,1675.65,350.0,2092.68,Dehiwala,Synthetic rule-based generation calibrated to Sri Lankan public price references,2026-08-20,Synthetic prototype record
SYN-0726,,photocopy,5,A3,,,copy paper,80.0,black and white,double-sided,1.0,none,standard,delivery,188.58,0.0,350.0,536.69,Kalutara,Synthetic rule-based generation calibrated to Sri Lankan public price references,2026-08-20,Synthetic prototype record
SYN-0727,,photocopy,500,A4,,,copy paper,80.0,full colour,double-sided,1.0,none,urgent (1-2 days),self-collection,28396.85,0.0,0.0,32485.99,Nugegoda,Synthetic rule-based generation calibrated to Sri Lankan public price references,2026-08-20,Synthetic prototype record
SYN-0728,,document printout,2,Legal,,,copy paper,80.0,black and white,single-sided,20.0,none,standard,self-collection,627.87,0.0,0.0,621.59,Galle,Synthetic rule-based generation calibrated to Sri Lankan public price references,2026-08-20,Synthetic prototype record
SYN-0729,,lamination,25,4R,,,laminating film,,,double-sided,1.0,cold lamination,standard,self-collection,0.0,610.19,0.0,610.19,Gampaha,Synthetic rule-based generation calibrated to Sri Lankan public price references,2026-08-20,Synthetic prototype record
SYN-0730,,photocopy,100,A4,,,copy paper,80.0,full colour,single-sided,1.0,none,standard,self-collection,3804.19,0.0,0.0,4032.44,Colombo,Synthetic rule-based generation calibrated to Sri Lankan public price references,2026-08-20,Synthetic prototype record
SYN-0731,,photocopy,5,A3,,,copy paper,80.0,black and white,single-sided,1.0,none,urgent (1-2 days),self-collection,107.22,0.0,0.0,122.66,Nugegoda,Synthetic rule-based generation calibrated to Sri Lankan public price references,2026-08-20,Synthetic prototype record
SYN-0732,,document printout,50,A4,,,copy paper,80.0,black and white,single-sided,50.0,none,standard,self-collection,19934.69,0.0,0.0,21130.77,Colombo,Synthetic rule-based generation calibrated to Sri Lankan public price references,2026-08-20,Synthetic prototype record
SYN-0733,,photocopy,250,A3,,,copy paper,80.0,black and white,single-sided,1.0,none,standard,delivery,3545.29,0.0,350.0,3859.84,Kalutara,Synthetic rule-based generation calibrated to Sri Lankan public price references,2026-08-20,Synthetic prototype record
SYN-0734,,photo printing,6,8R,,,matte photo paper,230.0,full colour,single-sided,1.0,matte finish,standard,delivery,1848.39,0.0,350.0,2309.29,Colombo,Synthetic rule-based generation calibrated to Sri Lankan public price references,2026-08-20,Synthetic prototype record
SYN-0735,,document printout,5,A5,,,copy paper,80.0,black and white,single-sided,1.0,none,rush (same/next day),self-collection,43.13,0.0,0.0,51.24,Galle,Synthetic rule-based generation calibrated to Sri Lankan public price references,2026-08-20,Synthetic prototype record
SYN-0736,,photocopy,250,A4,,,copy paper,80.0,black and white,single-sided,1.0,none,standard,self-collection,2506.47,0.0,0.0,2531.54,Kandy,Synthetic rule-based generation calibrated to Sri Lankan public price references,2026-08-20,Synthetic prototype record
SYN-0737,,photocopy,100,A3,,,copy paper,80.0,black and white,single-sided,1.0,none,standard,self-collection,1231.54,0.0,0.0,1243.86,Kandy,Synthetic rule-based generation calibrated to Sri Lankan public price references,2026-08-20,Synthetic prototype record
SYN-0738,,photocopy,500,Legal,,,copy paper,80.0,full colour,single-sided,1.0,none,standard,delivery,26503.18,0.0,350.0,26588.14,Kalutara,Synthetic rule-based generation calibrated to Sri Lankan public price references,2026-08-20,Synthetic prototype record
SYN-0739,,lamination,10,A3,,,laminating film,,,single-sided,1.0,lamination,rush (same/next day),self-collection,0.0,542.76,0.0,644.79,Kalutara,Synthetic rule-based generation calibrated to Sri Lankan public price references,2026-08-20,Synthetic prototype record
SYN-0740,,photocopy,1,Legal,,,copy paper,80.0,black and white,single-sided,1.0,none,standard,island-wide courier,19.28,0.0,650.0,668.89,Kurunegala,Synthetic rule-based generation calibrated to Sri Lankan public price references,2026-08-20,Synthetic prototype record
SYN-0741,,spiral binding,1,A3,,,copy paper,80.0,,,300.0,spiral binding,standard,island-wide courier,0.0,271.97,650.0,927.41,Maharagama,Synthetic rule-based generation calibrated to Sri Lankan public price references,2026-08-20,Synthetic prototype record
SYN-0742,,photocopy,500,A4,,,copy paper,80.0,black and white,single-sided,1.0,none,standard,self-collection,4616.24,0.0,0.0,4570.08,Galle,Synthetic rule-based generation calibrated to Sri Lankan public price references,2026-08-20,Synthetic prototype record
SYN-0743,,document printout,2,A3,,,copy paper,80.0,full colour,single-sided,2.0,none,urgent (1-2 days),self-collection,340.4,0.0,0.0,389.42,Dehiwala,Synthetic rule-based generation calibrated to Sri Lankan public price references,2026-08-20,Synthetic prototype record
SYN-0744,,document printout,50,A4,,,copy paper,80.0,black and white,double-sided,100.0,none,rush (same/next day),self-collection,50100.05,0.0,0.0,60721.26,Negombo,Synthetic rule-based generation calibrated to Sri Lankan public price references,2026-08-20,Synthetic prototype record
SYN-0745,,photocopy,1,A3,,,copy paper,80.0,black and white,single-sided,1.0,none,standard,self-collection,21.45,0.0,0.0,21.24,Kalutara,Synthetic rule-based generation calibrated to Sri Lankan public price references,2026-08-20,Synthetic prototype record
SYN-0746,,lamination,5,A4,,,laminating film,,,double-sided,1.0,lamination,standard,self-collection,0.0,153.32,0.0,159.46,Dehiwala,Synthetic rule-based generation calibrated to Sri Lankan public price references,2026-08-20,Synthetic prototype record
SYN-0747,,photocopy,250,A4,,,copy paper,80.0,black and white,single-sided,1.0,none,standard,self-collection,2744.84,0.0,0.0,2799.74,Maharagama,Synthetic rule-based generation calibrated to Sri Lankan public price references,2026-08-20,Synthetic prototype record
SYN-0748,,document printout,50,A3,,,copy paper,80.0,black and white,single-sided,5.0,none,standard,delivery,5307.23,0.0,350.0,5763.37,Maharagama,Synthetic rule-based generation calibrated to Sri Lankan public price references,2026-08-20,Synthetic prototype record
SYN-0749,,photocopy,50,A5,,,copy paper,80.0,black and white,double-sided,1.0,none,standard,self-collection,389.61,0.0,0.0,393.5,Negombo,Synthetic rule-based generation calibrated to Sri Lankan public price references,2026-08-20,Synthetic prototype record
SYN-0750,,lamination,1,A5,,,laminating film,,,single-sided,1.0,lamination,standard,self-collection,0.0,20.22,0.0,21.03,Dehiwala,Synthetic rule-based generation calibrated to Sri Lankan public price references,2026-08-20,Synthetic prototype record
SYN-0751,,photocopy,100,A4,,,copy paper,80.0,full colour,single-sided,1.0,none,rush (same/next day),island-wide courier,3820.87,0.0,650.0,5189.19,Galle,Synthetic rule-based generation calibrated to Sri Lankan public price references,2026-08-20,Synthetic prototype record
SYN-0752,,spiral binding,3,A4,,,copy paper,80.0,,,50.0,spiral binding,standard,self-collection,0.0,256.95,0.0,251.82,Kurunegala,Synthetic rule-based generation calibrated to Sri Lankan public price references,2026-08-20,Synthetic prototype record
SYN-0753,,spiral binding,2,A4,,,copy paper,80.0,,,100.0,spiral binding,standard,delivery,0.0,212.51,350.0,566.76,Maharagama,Synthetic rule-based generation calibrated to Sri Lankan public price references,2026-08-20,Synthetic prototype record
SYN-0754,,lamination,1,A4,,,laminating film,,,double-sided,1.0,lamination,standard,self-collection,0.0,31.71,0.0,32.03,Kandy,Synthetic rule-based generation calibrated to Sri Lankan public price references,2026-08-20,Synthetic prototype record
SYN-0755,,lamination,1,A4,,,laminating film,,,double-sided,1.0,lamination,urgent (1-2 days),self-collection,0.0,28.12,0.0,30.62,Kalutara,Synthetic rule-based generation calibrated to Sri Lankan public price references,2026-08-20,Synthetic prototype record
SYN-0756,,photo printing,20,4R,,,gloss photo paper,230.0,full colour,single-sided,1.0,gloss finish,urgent (1-2 days),self-collection,1534.44,0.0,0.0,1755.4,Nugegoda,Synthetic rule-based generation calibrated to Sri Lankan public price references,2026-08-20,Synthetic prototype record
SYN-0757,,photocopy,500,A4,,,copy paper,80.0,black and white,single-sided,1.0,none,standard,self-collection,5904.73,0.0,0.0,5786.63,Kurunegala,Synthetic rule-based generation calibrated to Sri Lankan public price references,2026-08-20,Synthetic prototype record
SYN-0758,,photocopy,100,A4,,,copy paper,80.0,black and white,double-sided,1.0,none,standard,island-wide courier,2021.44,0.0,650.0,2792.73,Colombo,Synthetic rule-based generation calibrated to Sri Lankan public price references,2026-08-20,Synthetic prototype record
SYN-0759,,photo printing,1,10x15,,,matte photo paper,230.0,full colour,single-sided,1.0,matte finish,standard,self-collection,843.19,0.0,0.0,851.62,Negombo,Synthetic rule-based generation calibrated to Sri Lankan public price references,2026-08-20,Synthetic prototype record
SYN-0760,,document printout,50,A4,,,copy paper,80.0,black and white,single-sided,10.0,none,standard,self-collection,5127.37,0.0,0.0,5332.46,Nugegoda,Synthetic rule-based generation calibrated to Sri Lankan public price references,2026-08-20,Synthetic prototype record
SYN-0761,,lamination,10,4R,,,laminating film,,,single-sided,1.0,cold lamination,rush (same/next day),island-wide courier,0.0,192.64,650.0,883.48,Negombo,Synthetic rule-based generation calibrated to Sri Lankan public price references,2026-08-20,Synthetic prototype record
SYN-0762,,lamination,5,A4,,,laminating film,,,double-sided,1.0,cold lamination,standard,island-wide courier,0.0,175.0,650.0,826.75,Kandy,Synthetic rule-based generation calibrated to Sri Lankan public price references,2026-08-20,Synthetic prototype record
SYN-0763,,photocopy,100,Legal,,,copy paper,80.0,black and white,single-sided,1.0,none,standard,self-collection,1148.93,0.0,0.0,1125.95,Kurunegala,Synthetic rule-based generation calibrated to Sri Lankan public price references,2026-08-20,Synthetic prototype record
SYN-0764,,photocopy,50,A3,,,copy paper,80.0,black and white,single-sided,1.0,none,standard,delivery,753.28,0.0,350.0,1148.48,Colombo,Synthetic rule-based generation calibrated to Sri Lankan public price references,2026-08-20,Synthetic prototype record
SYN-0765,,photocopy,500,A3,,,copy paper,80.0,black and white,double-sided,1.0,none,standard,self-collection,12625.53,0.0,0.0,12499.28,Galle,Synthetic rule-based generation calibrated to Sri Lankan public price references,2026-08-20,Synthetic prototype record
SYN-0766,,photo printing,20,4R,,,gloss photo paper,230.0,full colour,single-sided,1.0,gloss finish,standard,island-wide courier,1502.88,0.0,650.0,2152.88,Gampaha,Synthetic rule-based generation calibrated to Sri Lankan public price references,2026-08-20,Synthetic prototype record
SYN-0767,,spiral binding,5,A4,,,copy paper,80.0,,,300.0,spiral binding,standard,delivery,0.0,988.07,350.0,1328.19,Galle,Synthetic rule-based generation calibrated to Sri Lankan public price references,2026-08-20,Synthetic prototype record
SYN-0768,,lamination,100,A5,,,laminating film,,,single-sided,1.0,cold lamination,standard,self-collection,0.0,2095.52,0.0,2137.43,Maharagama,Synthetic rule-based generation calibrated to Sri Lankan public price references,2026-08-20,Synthetic prototype record
SYN-0769,,photocopy,20,A4,,,copy paper,80.0,black and white,double-sided,1.0,none,standard,self-collection,332.46,0.0,0.0,352.4,Colombo,Synthetic rule-based generation calibrated to Sri Lankan public price references,2026-08-20,Synthetic prototype record
SYN-0770,,document printout,5,A4,,,copy paper,80.0,black and white,double-sided,200.0,none,urgent (1-2 days),self-collection,10327.79,0.0,0.0,11815.0,Nugegoda,Synthetic rule-based generation calibrated to Sri Lankan public price references,2026-08-20,Synthetic prototype record
SYN-0771,,document printout,2,A4,,,copy paper,80.0,black and white,single-sided,5.0,none,urgent (1-2 days),self-collection,134.87,0.0,0.0,146.87,Galle,Synthetic rule-based generation calibrated to Sri Lankan public price references,2026-08-20,Synthetic prototype record
SYN-0772,,lamination,5,A5,,,laminating film,,,single-sided,1.0,lamination,standard,delivery,0.0,94.97,350.0,444.02,Kalutara,Synthetic rule-based generation calibrated to Sri Lankan public price references,2026-08-20,Synthetic prototype record
SYN-0773,,spiral binding,10,A3,,,copy paper,80.0,,,250.0,spiral binding,standard,self-collection,0.0,2176.71,0.0,2198.47,Negombo,Synthetic rule-based generation calibrated to Sri Lankan public price references,2026-08-20,Synthetic prototype record
SYN-0774,,document printout,50,A4,,,copy paper,80.0,black and white,double-sided,5.0,none,standard,self-collection,2262.82,0.0,0.0,2353.34,Nugegoda,Synthetic rule-based generation calibrated to Sri Lankan public price references,2026-08-20,Synthetic prototype record
SYN-0775,,photocopy,20,A4,,,copy paper,80.0,full colour,single-sided,1.0,none,standard,self-collection,676.78,0.0,0.0,703.86,Nugegoda,Synthetic rule-based generation calibrated to Sri Lankan public price references,2026-08-20,Synthetic prototype record
SYN-0776,,document printout,2,A4,,,copy paper,80.0,black and white,double-sided,200.0,none,standard,self-collection,4521.08,0.0,0.0,4430.66,Kurunegala,Synthetic rule-based generation calibrated to Sri Lankan public price references,2026-08-20,Synthetic prototype record
SYN-0777,,photocopy,10,A4,,,copy paper,80.0,black and white,single-sided,1.0,none,urgent (1-2 days),self-collection,133.56,0.0,0.0,152.8,Dehiwala,Synthetic rule-based generation calibrated to Sri Lankan public price references,2026-08-20,Synthetic prototype record
SYN-0778,,photocopy,250,Legal,,,copy paper,80.0,black and white,single-sided,1.0,none,standard,self-collection,3298.81,0.0,0.0,3430.76,Dehiwala,Synthetic rule-based generation calibrated to Sri Lankan public price references,2026-08-20,Synthetic prototype record
SYN-0779,,spiral binding,3,A4,,,copy paper,80.0,,,50.0,spiral binding,urgent (1-2 days),delivery,0.0,238.77,350.0,610.03,Kalutara,Synthetic rule-based generation calibrated to Sri Lankan public price references,2026-08-20,Synthetic prototype record
SYN-0780,,document printout,20,A4,,,copy paper,80.0,black and white,double-sided,2.0,none,standard,self-collection,447.11,0.0,0.0,456.05,Maharagama,Synthetic rule-based generation calibrated to Sri Lankan public price references,2026-08-20,Synthetic prototype record
SYN-0781,,photocopy,1000,Legal,,,copy paper,80.0,black and white,single-sided,1.0,none,standard,delivery,14485.94,0.0,350.0,14546.23,Kurunegala,Synthetic rule-based generation calibrated to Sri Lankan public price references,2026-08-20,Synthetic prototype record
SYN-0782,,document printout,20,Legal,,,copy paper,80.0,black and white,single-sided,50.0,none,urgent (1-2 days),self-collection,11689.43,0.0,0.0,12986.95,Kandy,Synthetic rule-based generation calibrated to Sri Lankan public price references,2026-08-20,Synthetic prototype record
SYN-0783,,photo printing,1,4R,,,gloss photo paper,230.0,full colour,single-sided,1.0,gloss finish,urgent (1-2 days),island-wide courier,124.87,0.0,650.0,785.99,Galle,Synthetic rule-based generation calibrated to Sri Lankan public price references,2026-08-20,Synthetic prototype record
SYN-0784,,photocopy,100,A4,,,copy paper,80.0,black and white,single-sided,1.0,none,standard,self-collection,696.51,0.0,0.0,682.58,Kurunegala,Synthetic rule-based generation calibrated to Sri Lankan public price references,2026-08-20,Synthetic prototype record
SYN-0785,,document printout,5,A4,,,copy paper,80.0,black and white,single-sided,1.0,none,standard,delivery,71.04,0.0,350.0,421.75,Kandy,Synthetic rule-based generation calibrated to Sri Lankan public price references,2026-08-20,Synthetic prototype record
SYN-0786,,document printout,10,A3,,,copy paper,80.0,black and white,double-sided,1.0,none,standard,delivery,224.43,0.0,350.0,572.19,Kalutara,Synthetic rule-based generation calibrated to Sri Lankan public price references,2026-08-20,Synthetic prototype record
SYN-0787,,photocopy,1000,A4,,,copy paper,80.0,full colour,single-sided,1.0,none,standard,self-collection,28144.35,0.0,0.0,27862.9,Galle,Synthetic rule-based generation calibrated to Sri Lankan public price references,2026-08-20,Synthetic prototype record
SYN-0788,,spiral binding,1,A4,,,copy paper,80.0,,,100.0,spiral binding,standard,delivery,0.0,95.47,350.0,446.42,Negombo,Synthetic rule-based generation calibrated to Sri Lankan public price references,2026-08-20,Synthetic prototype record
SYN-0789,,lamination,5,A3,,,laminating film,,,double-sided,1.0,lamination,standard,self-collection,0.0,334.62,0.0,354.7,Colombo,Synthetic rule-based generation calibrated to Sri Lankan public price references,2026-08-20,Synthetic prototype record
SYN-0790,,photocopy,500,A5,,,copy paper,80.0,black and white,single-sided,1.0,none,urgent (1-2 days),delivery,2397.58,0.0,350.0,2960.96,Kalutara,Synthetic rule-based generation calibrated to Sri Lankan public price references,2026-08-20,Synthetic prototype record
SYN-0791,,document printout,1,Legal,,,copy paper,80.0,black and white,single-sided,200.0,none,urgent (1-2 days),self-collection,3103.79,0.0,0.0,3345.88,Kurunegala,Synthetic rule-based generation calibrated to Sri Lankan public price references,2026-08-20,Synthetic prototype record
SYN-0792,,photocopy,1000,A3,,,copy paper,80.0,black and white,double-sided,1.0,none,standard,self-collection,25156.17,0.0,0.0,25659.3,Maharagama,Synthetic rule-based generation calibrated to Sri Lankan public price references,2026-08-20,Synthetic prototype record
SYN-0793,,lamination,2,A4,,,laminating film,,,double-sided,1.0,lamination,standard,self-collection,0.0,56.81,0.0,60.22,Colombo,Synthetic rule-based generation calibrated to Sri Lankan public price references,2026-08-20,Synthetic prototype record
SYN-0794,,photocopy,20,A4,,,copy paper,80.0,black and white,single-sided,1.0,none,standard,self-collection,193.14,0.0,0.0,193.14,Gampaha,Synthetic rule-based generation calibrated to Sri Lankan public price references,2026-08-20,Synthetic prototype record
SYN-0795,,photocopy,1000,A4,,,copy paper,80.0,black and white,single-sided,1.0,none,rush (same/next day),delivery,6881.78,0.0,350.0,8690.72,Kandy,Synthetic rule-based generation calibrated to Sri Lankan public price references,2026-08-20,Synthetic prototype record
SYN-0796,,photocopy,5,A4,,,copy paper,80.0,full colour,single-sided,1.0,none,standard,delivery,104.53,0.0,350.0,460.81,Colombo,Synthetic rule-based generation calibrated to Sri Lankan public price references,2026-08-20,Synthetic prototype record
SYN-0797,,document printout,1,A4,,,copy paper,80.0,full colour,double-sided,100.0,none,standard,self-collection,3639.14,0.0,0.0,3784.7,Nugegoda,Synthetic rule-based generation calibrated to Sri Lankan public price references,2026-08-20,Synthetic prototype record
SYN-0798,,photocopy,1000,A4,,,copy paper,80.0,full colour,double-sided,1.0,none,standard,self-collection,42475.47,0.0,0.0,44174.49,Nugegoda,Synthetic rule-based generation calibrated to Sri Lankan public price references,2026-08-20,Synthetic prototype record
SYN-0799,,lamination,250,A4,,,laminating film,,,double-sided,1.0,lamination,standard,delivery,0.0,6175.02,350.0,6463.27,Kalutara,Synthetic rule-based generation calibrated to Sri Lankan public price references,2026-08-20,Synthetic prototype record
SYN-0800,,document printout,5,A4,,,copy paper,80.0,black and white,single-sided,200.0,none,urgent (1-2 days),delivery,10654.55,0.0,350.0,11835.6,Kurunegala,Synthetic rule-based generation calibrated to Sri Lankan public price references,2026-08-20,Synthetic prototype record
SYN-0801,,document printout,10,A4,,,copy paper,80.0,black and white,double-sided,2.0,none,standard,self-collection,212.39,0.0,0.0,214.51,Negombo,Synthetic rule-based generation calibrated to Sri Lankan public price references,2026-08-20,Synthetic prototype record
SYN-0802,,photo printing,20,4R,,,gloss photo paper,260.0,full colour,single-sided,1.0,gloss finish,standard,self-collection,1508.61,0.0,0.0,1523.7,Negombo,Synthetic rule-based generation calibrated to Sri Lankan public price references,2026-08-20,Synthetic prototype record
SYN-0803,,photocopy,5,A3,,,copy paper,80.0,black and white,double-sided,1.0,none,standard,delivery,108.85,0.0,350.0,457.76,Kalutara,Synthetic rule-based generation calibrated to Sri Lankan public price references,2026-08-20,Synthetic prototype record
SYN-0804,,document printout,10,A4,,,copy paper,80.0,full colour,single-sided,2.0,none,standard,delivery,656.84,0.0,350.0,1046.25,Colombo,Synthetic rule-based generation calibrated to Sri Lankan public price references,2026-08-20,Synthetic prototype record
SYN-0805,,lamination,1,A5,,,laminating film,,,double-sided,1.0,lamination,standard,self-collection,0.0,25.94,0.0,26.2,Negombo,Synthetic rule-based generation calibrated to Sri Lankan public price references,2026-08-20,Synthetic prototype record
SYN-0806,,lamination,50,A4,,,laminating film,,,double-sided,1.0,lamination,rush (same/next day),self-collection,0.0,1546.33,0.0,1837.04,Kalutara,Synthetic rule-based generation calibrated to Sri Lankan public price references,2026-08-20,Synthetic prototype record
SYN-0807,,photo printing,20,8x12,,,matte photo paper,230.0,full colour,single-sided,1.0,matte finish,rush (same/next day),self-collection,8454.59,0.0,0.0,10348.42,Maharagama,Synthetic rule-based generation calibrated to Sri Lankan public price references,2026-08-20,Synthetic prototype record
SYN-0808,,spiral binding,3,A3,,,copy paper,80.0,,,50.0,spiral binding,standard,self-collection,0.0,550.72,0.0,545.22,Galle,Synthetic rule-based generation calibrated to Sri Lankan public price references,2026-08-20,Synthetic prototype record
SYN-0809,,document printout,10,A4,,,copy paper,80.0,black and white,double-sided,100.0,none,urgent (1-2 days),self-collection,7783.09,0.0,0.0,8647.01,Negombo,Synthetic rule-based generation calibrated to Sri Lankan public price references,2026-08-20,Synthetic prototype record
SYN-0810,,photocopy,10,A4,,,copy paper,80.0,black and white,single-sided,1.0,none,standard,island-wide courier,121.69,0.0,650.0,776.56,Nugegoda,Synthetic rule-based generation calibrated to Sri Lankan public price references,2026-08-20,Synthetic prototype record
SYN-0811,,photocopy,250,Legal,,,copy paper,80.0,full colour,single-sided,1.0,none,standard,self-collection,13325.22,0.0,0.0,13858.23,Dehiwala,Synthetic rule-based generation calibrated to Sri Lankan public price references,2026-08-20,Synthetic prototype record
SYN-0812,,spiral binding,5,A4,,,copy paper,80.0,,,150.0,spiral binding,standard,delivery,0.0,614.57,350.0,1001.44,Colombo,Synthetic rule-based generation calibrated to Sri Lankan public price references,2026-08-20,Synthetic prototype record
SYN-0813,,lamination,25,A4,,,laminating film,,,double-sided,1.0,cold lamination,standard,self-collection,0.0,738.71,0.0,768.26,Dehiwala,Synthetic rule-based generation calibrated to Sri Lankan public price references,2026-08-20,Synthetic prototype record
SYN-0814,,document printout,50,A4,,,colour paper,80.0,full colour,double-sided,2.0,none,standard,self-collection,4126.94,0.0,0.0,4292.02,Nugegoda,Synthetic rule-based generation calibrated to Sri Lankan public price references,2026-08-20,Synthetic prototype record
SYN-0815,,photocopy,500,A3,,,copy paper,80.0,black and white,single-sided,1.0,none,urgent (1-2 days),self-collection,10004.69,0.0,0.0,11225.26,Maharagama,Synthetic rule-based generation calibrated to Sri Lankan public price references,2026-08-20,Synthetic prototype record
SYN-0816,,photo printing,1,5R,,,gloss photo paper,260.0,full colour,single-sided,1.0,gloss finish,standard,island-wide courier,203.22,0.0,650.0,851.19,Kalutara,Synthetic rule-based generation calibrated to Sri Lankan public price references,2026-08-20,Synthetic prototype record
SYN-0817,,photocopy,10,A4,,,copy paper,80.0,full colour,double-sided,1.0,none,standard,self-collection,637.57,0.0,0.0,675.82,Colombo,Synthetic rule-based generation calibrated to Sri Lankan public price references,2026-08-20,Synthetic prototype record
SYN-0818,,photocopy,50,A5,,,copy paper,80.0,black and white,single-sided,1.0,none,standard,delivery,243.51,0.0,350.0,598.38,Maharagama,Synthetic rule-based generation calibrated to Sri Lankan public price references,2026-08-20,Synthetic prototype record
SYN-0819,,photocopy,50,A4,,,copy paper,80.0,black and white,double-sided,1.0,none,standard,self-collection,878.99,0.0,0.0,887.78,Kandy,Synthetic rule-based generation calibrated to Sri Lankan public price references,2026-08-20,Synthetic prototype record
SYN-0820,,photocopy,20,A4,,,copy paper,80.0,full colour,double-sided,1.0,none,standard,delivery,854.98,0.0,350.0,1213.53,Kandy,Synthetic rule-based generation calibrated to Sri Lankan public price references,2026-08-20,Synthetic prototype record
SYN-0821,,document printout,10,A4,,,copy paper,80.0,black and white,double-sided,100.0,none,standard,self-collection,9725.58,0.0,0.0,9628.32,Kalutara,Synthetic rule-based generation calibrated to Sri Lankan public price references,2026-08-20,Synthetic prototype record
SYN-0822,,photocopy,10,A4,,,copy paper,80.0,black and white,single-sided,1.0,none,standard,delivery,142.03,0.0,350.0,494.87,Maharagama,Synthetic rule-based generation calibrated to Sri Lankan public price references,2026-08-20,Synthetic prototype record
SYN-0823,,document printout,2,A4,,,copy paper,80.0,full colour,single-sided,100.0,none,standard,self-collection,8834.81,0.0,0.0,9364.9,Colombo,Synthetic rule-based generation calibrated to Sri Lankan public price references,2026-08-20,Synthetic prototype record
SYN-0824,,photo printing,20,6R,,,gloss photo paper,260.0,full colour,single-sided,1.0,gloss finish,urgent (1-2 days),self-collection,3822.96,0.0,0.0,4121.15,Kurunegala,Synthetic rule-based generation calibrated to Sri Lankan public price references,2026-08-20,Synthetic prototype record
SYN-0825,,document printout,50,A3,,,copy paper,80.0,black and white,single-sided,10.0,none,standard,self-collection,10588.94,0.0,0.0,10694.82,Kandy,Synthetic rule-based generation calibrated to Sri Lankan public price references,2026-08-20,Synthetic prototype record
SYN-0826,,spiral binding,1,A4,,,copy paper,80.0,,,200.0,spiral binding,standard,delivery,0.0,144.84,350.0,500.63,Nugegoda,Synthetic rule-based generation calibrated to Sri Lankan public price references,2026-08-20,Synthetic prototype record
SYN-0827,,photocopy,1,A3,,,copy paper,80.0,black and white,single-sided,1.0,none,rush (same/next day),delivery,28.28,0.0,350.0,383.6,Galle,Synthetic rule-based generation calibrated to Sri Lankan public price references,2026-08-20,Synthetic prototype record
SYN-0829,,lamination,25,A5,,,laminating film,,,double-sided,1.0,lamination,standard,self-collection,0.0,662.98,0.0,649.72,Kurunegala,Synthetic rule-based generation calibrated to Sri Lankan public price references,2026-08-20,Synthetic prototype record
SYN-0830,,photocopy,250,A4,,,copy paper,80.0,black and white,double-sided,1.0,none,rush (same/next day),self-collection,2753.2,0.0,0.0,3435.99,Nugegoda,Synthetic rule-based generation calibrated to Sri Lankan public price references,2026-08-20,Synthetic prototype record
SYN-0831,,photocopy,500,A4,,,copy paper,80.0,black and white,single-sided,1.0,none,rush (same/next day),delivery,4736.75,0.0,350.0,6034.1,Gampaha,Synthetic rule-based generation calibrated to Sri Lankan public price references,2026-08-20,Synthetic prototype record
SYN-0832,,photocopy,5,A4,,,copy paper,80.0,black and white,single-sided,1.0,none,standard,self-collection,70.82,0.0,0.0,71.53,Kandy,Synthetic rule-based generation calibrated to Sri Lankan public price references,2026-08-20,Synthetic prototype record
SYN-0833,,lamination,25,A4,,,laminating film,,,single-sided,1.0,cold lamination,urgent (1-2 days),delivery,0.0,619.43,350.0,1045.0,Maharagama,Synthetic rule-based generation calibrated to Sri Lankan public price references,2026-08-20,Synthetic prototype record
SYN-0834,,document printout,50,A4,,,copy paper,80.0,black and white,double-sided,2.0,none,standard,island-wide courier,1018.64,0.0,650.0,1709.39,Dehiwala,Synthetic rule-based generation calibrated to Sri Lankan public price references,2026-08-20,Synthetic prototype record
SYN-0835,,lamination,100,A4,,,laminating film,,,double-sided,1.0,lamination,urgent (1-2 days),self-collection,0.0,2938.25,0.0,3296.71,Maharagama,Synthetic rule-based generation calibrated to Sri Lankan public price references,2026-08-20,Synthetic prototype record
SYN-0836,,document printout,5,A4,,,copy paper,80.0,black and white,single-sided,10.0,none,standard,self-collection,608.19,0.0,0.0,608.19,Gampaha,Synthetic rule-based generation calibrated to Sri Lankan public price references,2026-08-20,Synthetic prototype record
SYN-0838,,document printout,5,A4,,,colour paper,80.0,full colour,single-sided,200.0,none,standard,delivery,22651.31,0.0,350.0,24360.39,Colombo,Synthetic rule-based generation calibrated to Sri Lankan public price references,2026-08-20,Synthetic prototype record
SYN-0842,,spiral binding,20,A4,,,copy paper,80.0,,,300.0,spiral binding,standard,self-collection,0.0,3485.23,0.0,3624.64,Dehiwala,Synthetic rule-based generation calibrated to Sri Lankan public price references,2026-08-20,Synthetic prototype record
SYN-0844,,document printout,20,A4,,,copy paper,80.0,full colour,double-sided,1.0,none,standard,self-collection,548.96,0.0,0.0,570.92,Nugegoda,Synthetic rule-based generation calibrated to Sri Lankan public price references,2026-08-20,Synthetic prototype record
SYN-0845,,lamination,25,A4,,,laminating film,,,double-sided,1.0,cold lamination,standard,self-collection,0.0,815.43,0.0,807.28,Galle,Synthetic rule-based generation calibrated to Sri Lankan public price references,2026-08-20,Synthetic prototype record
SYN-0846,,document printout,2,A4,,,copy paper,80.0,full colour,double-sided,1.0,none,standard,self-collection,87.09,0.0,0.0,85.35,Kurunegala,Synthetic rule-based generation calibrated to Sri Lankan public price references,2026-08-20,Synthetic prototype record
SYN-0849,,document printout,5,A4,,,copy paper,80.0,full colour,double-sided,200.0,none,standard,self-collection,33235.19,0.0,0.0,34564.6,Nugegoda,Synthetic rule-based generation calibrated to Sri Lankan public price references,2026-08-20,Synthetic prototype record
SYN-0850,,lamination,50,A4,,,laminating film,,,double-sided,1.0,cold lamination,standard,self-collection,0.0,1626.54,0.0,1626.54,Gampaha,Synthetic rule-based generation calibrated to Sri Lankan public price references,2026-08-20,Synthetic prototype record
SYN-0851,,document printout,2,Legal,,,copy paper,80.0,black and white,single-sided,100.0,none,rush (same/next day),self-collection,2630.73,0.0,0.0,3125.31,Galle,Synthetic rule-based generation calibrated to Sri Lankan public price references,2026-08-20,Synthetic prototype record
SYN-0852,,document printout,10,A3,,,copy paper,80.0,full colour,single-sided,10.0,none,standard,self-collection,7670.35,0.0,0.0,8130.57,Colombo,Synthetic rule-based generation calibrated to Sri Lankan public price references,2026-08-20,Synthetic prototype record
SYN-0853,,document printout,2,A4,,,copy paper,80.0,black and white,single-sided,50.0,none,standard,self-collection,1275.59,0.0,0.0,1288.35,Kandy,Synthetic rule-based generation calibrated to Sri Lankan public price references,2026-08-20,Synthetic prototype record
SYN-0856,,lamination,1,A4,,,laminating film,,,single-sided,1.0,cold lamination,standard,self-collection,0.0,28.26,0.0,29.39,Nugegoda,Synthetic rule-based generation calibrated to Sri Lankan public price references,2026-08-20,Synthetic prototype record
SYN-0858,,lamination,1,4R,,,laminating film,,,double-sided,1.0,lamination,urgent (1-2 days),self-collection,0.0,21.03,0.0,23.37,Kandy,Synthetic rule-based generation calibrated to Sri Lankan public price references,2026-08-20,Synthetic prototype record
SYN-0859,,lamination,1,4R,,,laminating film,,,single-sided,1.0,lamination,standard,self-collection,0.0,20.74,0.0,21.16,Maharagama,Synthetic rule-based generation calibrated to Sri Lankan public price references,2026-08-20,Synthetic prototype record
SYN-0860,,lamination,10,A5,,,laminating film,,,single-sided,1.0,cold lamination,rush (same/next day),delivery,0.0,222.91,350.0,622.84,Maharagama,Synthetic rule-based generation calibrated to Sri Lankan public price references,2026-08-20,Synthetic prototype record
SYN-0863,,spiral binding,2,A4,,,copy paper,80.0,,,150.0,spiral binding,standard,self-collection,0.0,247.53,0.0,250.0,Negombo,Synthetic rule-based generation calibrated to Sri Lankan public price references,2026-08-20,Synthetic prototype record
SYN-0864,,document printout,20,A4,,,copy paper,80.0,black and white,double-sided,2.0,none,urgent (1-2 days),island-wide courier,433.82,0.0,650.0,1122.43,Kalutara,Synthetic rule-based generation calibrated to Sri Lankan public price references,2026-08-20,Synthetic prototype record
SYN-0867,,document printout,10,A3,,,copy paper,80.0,black and white,single-sided,200.0,none,standard,self-collection,41962.59,0.0,0.0,42801.84,Maharagama,Synthetic rule-based generation calibrated to Sri Lankan public price references,2026-08-20,Synthetic prototype record
SYN-0868,,lamination,50,A3,,,laminating film,,,double-sided,1.0,lamination,standard,self-collection,0.0,2983.12,0.0,3102.44,Nugegoda,Synthetic rule-based generation calibrated to Sri Lankan public price references,2026-08-20,Synthetic prototype record
SYN-0869,,document printout,5,A4,,,copy paper,80.0,full colour,double-sided,10.0,none,rush (same/next day),delivery,1539.3,0.0,350.0,2271.05,Nugegoda,Synthetic rule-based generation calibrated to Sri Lankan public price references,2026-08-20,Synthetic prototype record
SYN-0870,,lamination,25,A4,,,laminating film,,,single-sided,1.0,cold lamination,standard,self-collection,0.0,669.37,0.0,676.06,Kandy,Synthetic rule-based generation calibrated to Sri Lankan public price references,2026-08-20,Synthetic prototype record
SYN-0871,,lamination,250,A4,,,laminating film,,,single-sided,1.0,cold lamination,rush (same/next day),self-collection,0.0,5731.08,0.0,6808.52,Kalutara,Synthetic rule-based generation calibrated to Sri Lankan public price references,2026-08-20,Synthetic prototype record
SYN-0872,,document printout,2,A4,,,copy paper,80.0,black and white,double-sided,20.0,none,standard,island-wide courier,521.55,0.0,650.0,1166.33,Kalutara,Synthetic rule-based generation calibrated to Sri Lankan public price references,2026-08-20,Synthetic prototype record
SYN-0875,,document printout,2,A4,,,copy paper,80.0,black and white,double-sided,200.0,none,standard,self-collection,3963.07,0.0,0.0,3883.8,Kurunegala,Synthetic rule-based generation calibrated to Sri Lankan public price references,2026-08-20,Synthetic prototype record
SYN-0876,,document printout,50,Legal,,,copy paper,80.0,black and white,single-sided,2.0,none,rush (same/next day),self-collection,1356.24,0.0,0.0,1725.14,Colombo,Synthetic rule-based generation calibrated to Sri Lankan public price references,2026-08-20,Synthetic prototype record
SYN-0877,,lamination,100,A4,,,laminating film,,,single-sided,1.0,lamination,rush (same/next day),island-wide courier,0.0,2236.52,650.0,3280.15,Kurunegala,Synthetic rule-based generation calibrated to Sri Lankan public price references,2026-08-20,Synthetic prototype record
SYN-0879,,lamination,2,A4,,,laminating film,,,single-sided,1.0,lamination,rush (same/next day),self-collection,0.0,58.85,0.0,70.62,Gampaha,Synthetic rule-based generation calibrated to Sri Lankan public price references,2026-08-20,Synthetic prototype record
SYN-0881,,spiral binding,3,A4,,,copy paper,80.0,,,250.0,spiral binding,urgent (1-2 days),self-collection,0.0,563.55,0.0,607.5,Kurunegala,Synthetic rule-based generation calibrated to Sri Lankan public price references,2026-08-20,Synthetic prototype record
SYN-0882,,lamination,10,A4,,,laminating film,,,single-sided,1.0,lamination,standard,island-wide courier,0.0,239.66,650.0,889.66,Gampaha,Synthetic rule-based generation calibrated to Sri Lankan public price references,2026-08-20,Synthetic prototype record
SYN-0884,,document printout,5,Legal,,,copy paper,80.0,full colour,single-sided,200.0,none,standard,self-collection,25760.55,0.0,0.0,25245.34,Kurunegala,Synthetic rule-based generation calibrated to Sri Lankan public price references,2026-08-20,Synthetic prototype record
SYN-0885,,document printout,50,A4,,,copy paper,80.0,black and white,single-sided,5.0,none,standard,self-collection,3049.72,0.0,0.0,3232.7,Colombo,Synthetic rule-based generation calibrated to Sri Lankan public price references,2026-08-20,Synthetic prototype record
SYN-0886,,document printout,50,A3,,,copy paper,80.0,black and white,single-sided,5.0,none,standard,delivery,4780.66,0.0,350.0,5035.05,Kurunegala,Synthetic rule-based generation calibrated to Sri Lankan public price references,2026-08-20,Synthetic prototype record
SYN-0889,,spiral binding,1,A4,,,copy paper,80.0,,,200.0,spiral binding,rush (same/next day),self-collection,0.0,144.22,0.0,174.79,Kandy,Synthetic rule-based generation calibrated to Sri Lankan public price references,2026-08-20,Synthetic prototype record
SYN-0890,,lamination,5,A5,,,laminating film,,,double-sided,1.0,lamination,urgent (1-2 days),self-collection,0.0,134.42,0.0,149.34,Kandy,Synthetic rule-based generation calibrated to Sri Lankan public price references,2026-08-20,Synthetic prototype record
SYN-0892,,spiral binding,1,B4,,,copy paper,80.0,,,50.0,spiral binding,standard,self-collection,0.0,127.63,0.0,135.29,Colombo,Synthetic rule-based generation calibrated to Sri Lankan public price references,2026-08-20,Synthetic prototype record
SYN-0893,,document printout,1,A4,,,copy paper,80.0,black and white,single-sided,200.0,none,rush (same/next day),self-collection,2379.93,0.0,0.0,2855.92,Gampaha,Synthetic rule-based generation calibrated to Sri Lankan public price references,2026-08-20,Synthetic prototype record
SYN-0895,,lamination,2,A4,,,laminating film,,,double-sided,1.0,cold lamination,rush (same/next day),self-collection,0.0,55.42,0.0,65.84,Galle,Synthetic rule-based generation calibrated to Sri Lankan public price references,2026-08-20,Synthetic prototype record
SYN-0896,,document printout,50,Legal,,,copy paper,80.0,full colour,double-sided,2.0,none,standard,island-wide courier,4569.46,0.0,650.0,5265.16,Kandy,Synthetic rule-based generation calibrated to Sri Lankan public price references,2026-08-20,Synthetic prototype record
SYN-0897,,spiral binding,5,A4,,,copy paper,80.0,,,200.0,spiral binding,urgent (1-2 days),self-collection,0.0,715.96,0.0,787.55,Gampaha,Synthetic rule-based generation calibrated to Sri Lankan public price references,2026-08-20,Synthetic prototype record
SYN-0899,,document printout,50,A3,,,copy paper,80.0,full colour,single-sided,20.0,none,standard,self-collection,77436.99,0.0,0.0,78211.36,Negombo,Synthetic rule-based generation calibrated to Sri Lankan public price references,2026-08-20,Synthetic prototype record
SYN-0900,,spiral binding,20,A4,,,copy paper,80.0,,,150.0,spiral binding,standard,self-collection,0.0,2474.57,0.0,2573.55,Nugegoda,Synthetic rule-based generation calibrated to Sri Lankan public price references,2026-08-20,Synthetic prototype record
SYN-0901,,lamination,2,A4,,,laminating film,,,single-sided,1.0,cold lamination,standard,island-wide courier,0.0,55.04,650.0,705.59,Kandy,Synthetic rule-based generation calibrated to Sri Lankan public price references,2026-08-20,Synthetic prototype record
SYN-0903,,lamination,100,A4,,,laminating film,,,double-sided,1.0,lamination,standard,delivery,0.0,3151.0,350.0,3564.02,Maharagama,Synthetic rule-based generation calibrated to Sri Lankan public price references,2026-08-20,Synthetic prototype record
SYN-0906,,spiral binding,5,A4,,,copy paper,80.0,,,100.0,spiral binding,standard,self-collection,0.0,496.97,0.0,506.91,Maharagama,Synthetic rule-based generation calibrated to Sri Lankan public price references,2026-08-20,Synthetic prototype record
SYN-0907,,document printout,1,Legal,,,copy paper,80.0,full colour,single-sided,1.0,none,standard,self-collection,58.09,0.0,0.0,60.41,Nugegoda,Synthetic rule-based generation calibrated to Sri Lankan public price references,2026-08-20,Synthetic prototype record
SYN-0908,,lamination,25,4R,,,laminating film,,,single-sided,1.0,lamination,standard,self-collection,0.0,450.46,0.0,454.96,Negombo,Synthetic rule-based generation calibrated to Sri Lankan public price references,2026-08-20,Synthetic prototype record
SYN-0909,,document printout,20,A4,,,copy paper,80.0,full colour,single-sided,200.0,none,standard,self-collection,118162.47,0.0,0.0,119344.1,Negombo,Synthetic rule-based generation calibrated to Sri Lankan public price references,2026-08-20,Synthetic prototype record
SYN-0910,,document printout,1,A4,,,copy paper,80.0,black and white,double-sided,1.0,none,standard,self-collection,12.61,0.0,0.0,12.48,Kalutara,Synthetic rule-based generation calibrated to Sri Lankan public price references,2026-08-20,Synthetic prototype record
SYN-0911,,document printout,1,A4,,,colour paper,80.0,black and white,single-sided,10.0,none,standard,self-collection,103.86,0.0,0.0,101.79,Kurunegala,Synthetic rule-based generation calibrated to Sri Lankan public price references,2026-08-20,Synthetic prototype record
SYN-0912,,document printout,10,A4,,,copy paper,80.0,full colour,single-sided,100.0,none,standard,self-collection,31287.16,0.0,0.0,30974.29,Kalutara,Synthetic rule-based generation calibrated to Sri Lankan public price references,2026-08-20,Synthetic prototype record
SYN-0916,,document printout,5,A3,,,copy paper,80.0,black and white,single-sided,100.0,none,standard,self-collection,9900.49,0.0,0.0,10098.5,Maharagama,Synthetic rule-based generation calibrated to Sri Lankan public price references,2026-08-20,Synthetic prototype record
SYN-0917,,document printout,2,A4,,,copy paper,80.0,full colour,double-sided,200.0,none,urgent (1-2 days),delivery,15847.16,0.0,350.0,18130.51,Maharagama,Synthetic rule-based generation calibrated to Sri Lankan public price references,2026-08-20,Synthetic prototype record
SYN-0919,,spiral binding,1,A4,,,copy paper,80.0,,,300.0,spiral binding,standard,self-collection,0.0,202.37,0.0,198.33,Kurunegala,Synthetic rule-based generation calibrated to Sri Lankan public price references,2026-08-20,Synthetic prototype record
SYN-0921,,lamination,1,A4,,,laminating film,,,single-sided,1.0,lamination,standard,delivery,0.0,23.19,350.0,373.65,Maharagama,Synthetic rule-based generation calibrated to Sri Lankan public price references,2026-08-20,Synthetic prototype record
SYN-0922,,document printout,1,A5,,,copy paper,80.0,black and white,double-sided,1.0,none,urgent (1-2 days),delivery,10.32,0.0,350.0,361.46,Negombo,Synthetic rule-based generation calibrated to Sri Lankan public price references,2026-08-20,Synthetic prototype record
PUB-0078,,photocopy,1,A5,,,copy paper,80.0,black and white,single-sided,1.0,none,,,14.0,0.0,0.0,14.0,Sri Lanka,https://english.dg.lk/prices/,2026-08-20,Publicly available Sri Lankan price
PUB-0079,,photocopy,10,A5,,,copy paper,80.0,black and white,single-sided,1.0,none,,,130.0,0.0,0.0,130.0,Sri Lanka,https://english.dg.lk/prices/,2026-08-20,Publicly available Sri Lankan price
PUB-0080,,photocopy,100,A5,,,copy paper,80.0,black and white,single-sided,1.0,none,,,1200.0,0.0,0.0,1200.0,Sri Lanka,https://english.dg.lk/prices/,2026-08-20,Publicly available Sri Lankan price
PUB-0081,,photocopy,1000,A5,,,copy paper,80.0,black and white,single-sided,1.0,none,,,11000.0,0.0,0.0,11000.0,Sri Lanka,https://english.dg.lk/prices/,2026-08-20,Publicly available Sri Lankan price
PUB-0082,,photocopy,10000,A5,,,copy paper,80.0,black and white,single-sided,1.0,none,,,100000.0,0.0,0.0,100000.0,Sri Lanka,https://english.dg.lk/prices/,2026-08-20,Publicly available Sri Lankan price
PUB-0083,,photocopy,100000,A5,,,copy paper,80.0,black and white,single-sided,1.0,none,,,900000.0,0.0,0.0,900000.0,Sri Lanka,https://english.dg.lk/prices/,2026-08-20,Publicly available Sri Lankan price
PUB-0084,,photocopy,1,Legal,,,copy paper,80.0,black and white,single-sided,1.0,none,,,20.0,0.0,0.0,20.0,Sri Lanka,https://english.dg.lk/prices/,2026-08-20,Publicly available Sri Lankan price
PUB-0085,,photocopy,10,Legal,,,copy paper,80.0,black and white,single-sided,1.0,none,,,190.0,0.0,0.0,190.0,Sri Lanka,https://english.dg.lk/prices/,2026-08-20,Publicly available Sri Lankan price
PUB-0086,,photocopy,100,Legal,,,copy paper,80.0,black and white,single-sided,1.0,none,,,1800.0,0.0,0.0,1800.0,Sri Lanka,https://english.dg.lk/prices/,2026-08-20,Publicly available Sri Lankan price
PUB-0087,,photocopy,1000,Legal,,,copy paper,80.0,black and white,single-sided,1.0,none,,,17000.0,0.0,0.0,17000.0,Sri Lanka,https://english.dg.lk/prices/,2026-08-20,Publicly available Sri Lankan price
PUB-0088,,photocopy,10000,Legal,,,copy paper,80.0,black and white,single-sided,1.0,none,,,160000.0,0.0,0.0,160000.0,Sri Lanka,https://english.dg.lk/prices/,2026-08-20,Publicly available Sri Lankan price
PUB-0089,,photocopy,100000,Legal,,,copy paper,80.0,black and white,single-sided,1.0,none,,,1500000.0,0.0,0.0,1500000.0,Sri Lanka,https://english.dg.lk/prices/,2026-08-20,Publicly available Sri Lankan price
PUB-0090,,photocopy,10000,A4,,,copy paper,80.0,black and white,single-sided,1.0,none,,,110000.0,0.0,0.0,110000.0,Sri Lanka,https://english.dg.lk/prices/,2026-08-20,Publicly available Sri Lankan price
PUB-0091,,photocopy,100000,A4,,,copy paper,80.0,black and white,single-sided,1.0,none,,,1000000.0,0.0,0.0,1000000.0,Sri Lanka,https://english.dg.lk/prices/,2026-08-20,Publicly available Sri Lankan price
PUB-0092,,photocopy,10,A3,,,copy paper,80.0,black and white,single-sided,1.0,none,,,280.0,0.0,0.0,280.0,Sri Lanka,https://english.dg.lk/prices/,2026-08-20,Publicly available Sri Lankan price
PUB-0093,,photocopy,1,Legal,,,copy paper,80.0,full colour,single-sided,1.0,none,,,55.0,0.0,0.0,55.0,Sri Lanka,https://english.dg.lk/prices/,2026-08-20,Publicly available Sri Lankan price
PUB-0094,,photocopy,10,Legal,,,copy paper,80.0,full colour,single-sided,1.0,none,,,500.0,0.0,0.0,500.0,Sri Lanka,https://english.dg.lk/prices/,2026-08-20,Publicly available Sri Lankan price
PUB-0095,,photocopy,100,Legal,,,copy paper,80.0,full colour,single-sided,1.0,none,,,4500.0,0.0,0.0,4500.0,Sri Lanka,https://english.dg.lk/prices/,2026-08-20,Publicly available Sri Lankan price
PUB-0096,,photocopy,1000,Legal,,,copy paper,80.0,full colour,single-sided,1.0,none,,,40000.0,0.0,0.0,40000.0,Sri Lanka,https://english.dg.lk/prices/,2026-08-20,Publicly available Sri Lankan price
PUB-0097,,photocopy,10000,Legal,,,copy paper,80.0,full colour,single-sided,1.0,none,,,350000.0,0.0,0.0,350000.0,Sri Lanka,https://english.dg.lk/prices/,2026-08-20,Publicly available Sri Lankan price
PUB-0098,,photocopy,100000,Legal,,,copy paper,80.0,full colour,single-sided,1.0,none,,,3000000.0,0.0,0.0,3000000.0,Sri Lanka,https://english.dg.lk/prices/,2026-08-20,Publicly available Sri Lankan price
PUB-0099,,photocopy,10000,A4,,,copy paper,80.0,full colour,single-sided,1.0,none,,,300000.0,0.0,0.0,300000.0,Sri Lanka,https://english.dg.lk/prices/,2026-08-20,Publicly available Sri Lankan price
PUB-0100,,photocopy,100000,A4,,,copy paper,80.0,full colour,single-sided,1.0,none,,,2500000.0,0.0,0.0,2500000.0,Sri Lanka,https://english.dg.lk/prices/,2026-08-20,Publicly available Sri Lankan price
PUB-0101,,photocopy,10,A3,,,copy paper,80.0,full colour,single-sided,1.0,none,,,900.0,0.0,0.0,900.0,Sri Lanka,https://english.dg.lk/prices/,2026-08-20,Publicly available Sri Lankan price
PUB-0102,,photocopy,10000,A3,,,copy paper,80.0,full colour,single-sided,1.0,none,,,600000.0,0.0,0.0,600000.0,Sri Lanka,https://english.dg.lk/prices/,2026-08-20,Publicly available Sri Lankan price
PUB-0103,,photocopy,100000,A3,,,copy paper,80.0,full colour,single-sided,1.0,none,,,5000000.0,0.0,0.0,5000000.0,Sri Lanka,https://english.dg.lk/prices/,2026-08-20,Publicly available Sri Lankan price
PUB-0104,,stickers,1,A4,,,sticker paper,,full colour,single-sided,1.0,none,,,60.0,0.0,0.0,60.0,Sri Lanka,https://english.dg.lk/prices/,2026-08-20,Publicly available Sri Lankan price
PUB-0105,,stickers,10,A4,,,sticker paper,,full colour,single-sided,1.0,none,,,550.0,0.0,0.0,550.0,Sri Lanka,https://english.dg.lk/prices/,2026-08-20,Publicly available Sri Lankan price
PUB-0106,,stickers,100,A4,,,sticker paper,,full colour,single-sided,1.0,none,,,5000.0,0.0,0.0,5000.0,Sri Lanka,https://english.dg.lk/prices/,2026-08-20,Publicly available Sri Lankan price
PUB-0107,,stickers,1000,A4,,,sticker paper,,full colour,single-sided,1.0,none,,,45000.0,0.0,0.0,45000.0,Sri Lanka,https://english.dg.lk/prices/,2026-08-20,Publicly available Sri Lankan price
PUB-0108,,stickers,10000,A4,,,sticker paper,,full colour,single-sided,1.0,none,,,400000.0,0.0,0.0,400000.0,Sri Lanka,https://english.dg.lk/prices/,2026-08-20,Publicly available Sri Lankan price
PUB-0109,,stickers,100000,A4,,,sticker paper,,full colour,single-sided,1.0,none,,,3500000.0,0.0,0.0,3500000.0,Sri Lanka,https://english.dg.lk/prices/,2026-08-20,Publicly available Sri Lankan price
PUB-0110,,photo printing,1,A4,,,photo paper,,full colour,single-sided,1.0,none,,,50.0,0.0,0.0,50.0,Sri Lanka,https://english.dg.lk/prices/,2026-08-20,Publicly available Sri Lankan price
PUB-0111,,photo printing,10,A4,,,photo paper,,full colour,single-sided,1.0,none,,,450.0,0.0,0.0,450.0,Sri Lanka,https://english.dg.lk/prices/,2026-08-20,Publicly available Sri Lankan price
PUB-0112,,photo printing,100,A4,,,photo paper,,full colour,single-sided,1.0,none,,,4000.0,0.0,0.0,4000.0,Sri Lanka,https://english.dg.lk/prices/,2026-08-20,Publicly available Sri Lankan price
PUB-0113,,photo printing,1000,A4,,,photo paper,,full colour,single-sided,1.0,none,,,35000.0,0.0,0.0,35000.0,Sri Lanka,https://english.dg.lk/prices/,2026-08-20,Publicly available Sri Lankan price
PUB-0114,,photo printing,10000,A4,,,photo paper,,full colour,single-sided,1.0,none,,,300000.0,0.0,0.0,300000.0,Sri Lanka,https://english.dg.lk/prices/,2026-08-20,Publicly available Sri Lankan price
PUB-0115,,photo printing,100000,A4,,,photo paper,,full colour,single-sided,1.0,none,,,2500000.0,0.0,0.0,2500000.0,Sri Lanka,https://english.dg.lk/prices/,2026-08-20,Publicly available Sri Lankan price
PUB-0116,,photo printing,10,4R,,,photo paper,230.0,full colour,single-sided,1.0,none,,,800.0,0.0,0.0,800.0,Sri Lanka,https://seyaimaging.com/photo-printing,2026-08-20,Publicly available Sri Lankan price
PUB-0117,,photo printing,50,4R,,,photo paper,230.0,full colour,single-sided,1.0,none,,,3200.0,0.0,0.0,3200.0,Sri Lanka,https://seyaimaging.com/photo-printing,2026-08-20,Publicly available Sri Lankan price
